2026-07-30T13:20:18  INFO      cdm.api.main:47  CDM API starting — log directory: C:\Users\akshay.patil\OneDrive - TRIDIAGONAL.AI PRIVATE LIMITED\Desktop\TAI_Projects\dev\DecisionOps_dev\p0\data\logs
2026-07-30T13:20:18  INFO      cdm.api.main:55  Object-store container ready: bronze
2026-07-30T13:20:19  INFO      cdm.api.main:71  plants registry ready
2026-07-30T13:24:17  INFO      cdm.api.main:47  CDM API starting — log directory: C:\Users\akshay.patil\OneDrive - TRIDIAGONAL.AI PRIVATE LIMITED\Desktop\TAI_Projects\dev\DecisionOps_dev\p0\data\logs
2026-07-30T13:24:18  INFO      cdm.api.main:55  Object-store container ready: bronze
2026-07-30T13:24:18  INFO      cdm.api.main:71  plants registry ready
2026-07-30T13:30:26  INFO      cdm.api.main:47  CDM API starting — log directory: C:\Users\akshay.patil\OneDrive - TRIDIAGONAL.AI PRIVATE LIMITED\Desktop\TAI_Projects\dev\DecisionOps_dev\p0\data\logs
2026-07-30T13:30:26  INFO      cdm.api.main:55  Object-store container ready: bronze
2026-07-30T13:30:27  INFO      cdm.api.main:71  plants registry ready
2026-07-30T13:39:54  INFO      cdm.api.main:47  CDM API starting — log directory: C:\Users\akshay.patil\OneDrive - TRIDIAGONAL.AI PRIVATE LIMITED\Desktop\TAI_Projects\dev\DecisionOps_dev\p0\data\logs
2026-07-30T13:39:54  INFO      cdm.api.main:55  Object-store container ready: bronze
2026-07-30T13:39:55  INFO      cdm.api.main:71  plants registry ready
2026-07-30T13:43:23  INFO      cdm.api.main:47  CDM API starting — log directory: C:\Users\akshay.patil\OneDrive - TRIDIAGONAL.AI PRIVATE LIMITED\Desktop\TAI_Projects\dev\DecisionOps_dev\p0\data\logs
2026-07-30T13:43:24  INFO      cdm.api.main:55  Object-store container ready: bronze
2026-07-30T13:43:25  INFO      cdm.api.main:71  plants registry ready
2026-07-30T13:45:31  INFO      cdm.api.main:47  CDM API starting — log directory: C:\Users\akshay.patil\OneDrive - TRIDIAGONAL.AI PRIVATE LIMITED\Desktop\TAI_Projects\dev\DecisionOps_dev\p0\data\logs
2026-07-30T13:45:31  INFO      cdm.api.main:55  Object-store container ready: bronze
2026-07-30T13:45:33  INFO      cdm.api.main:71  plants registry ready
2026-07-30T14:08:55  INFO      cdm.api.main:47  CDM API starting — log directory: C:\Users\akshay.patil\OneDrive - TRIDIAGONAL.AI PRIVATE LIMITED\Desktop\TAI_Projects\dev\DecisionOps_dev\p0\data\logs
2026-07-30T14:08:56  INFO      cdm.api.main:55  Object-store container ready: bronze
2026-07-30T14:08:56  INFO      cdm.api.main:71  plants registry ready
2026-07-31T10:45:15  INFO      cdm.api.main:47  CDM API starting — log directory: C:\Users\akshay.patil\OneDrive - TRIDIAGONAL.AI PRIVATE LIMITED\Desktop\TAI_Projects\dev\DecisionOps_dev\p0\data\logs
2026-07-31T10:45:16  INFO      cdm.api.main:55  Object-store container ready: bronze
2026-07-31T10:45:17  INFO      cdm.api.main:71  plants registry ready
2026-07-31T16:03:22  INFO      cdm.api.main:47  CDM API starting — log directory: C:\Users\akshay.patil\OneDrive - TRIDIAGONAL.AI PRIVATE LIMITED\Desktop\TAI_Projects\dev\DecisionOps_dev\p0\data\logs
2026-07-31T16:03:23  INFO      cdm.api.main:55  Object-store container ready: bronze
2026-07-31T16:03:23  INFO      cdm.api.main:71  plants registry ready
2026-07-31T16:13:45  INFO      cdm.api.main:47  CDM API starting — log directory: C:\Users\akshay.patil\OneDrive - TRIDIAGONAL.AI PRIVATE LIMITED\Desktop\TAI_Projects\dev\DecisionOps_dev\p0\data\logs
2026-07-31T16:13:45  INFO      cdm.api.main:55  Object-store container ready: staging-pt
2026-07-31T16:13:51  INFO      cdm.api.main:71  plants registry ready
2026-07-31T16:14:27  INFO      cdm.api.main:47  CDM API starting — log directory: C:\Users\akshay.patil\OneDrive - TRIDIAGONAL.AI PRIVATE LIMITED\Desktop\TAI_Projects\dev\DecisionOps_dev\p0\data\logs
2026-07-31T16:14:28  INFO      cdm.api.main:55  Object-store container ready: staging-pt
2026-07-31T16:14:33  INFO      cdm.api.main:71  plants registry ready
2026-07-31T16:23:21  INFO      cdm.api.main:47  CDM API starting — log directory: C:\Users\akshay.patil\OneDrive - TRIDIAGONAL.AI PRIVATE LIMITED\Desktop\TAI_Projects\dev\DecisionOps_dev\p0\data\logs
2026-07-31T16:23:21  INFO      cdm.api.main:55  Object-store container ready: staging-pt
2026-07-31T16:23:27  INFO      cdm.api.main:71  plants registry ready
2026-08-03T11:29:54  INFO      cdm.api.main:47  CDM API starting — log directory: C:\Users\akshay.patil\OneDrive - TRIDIAGONAL.AI PRIVATE LIMITED\Desktop\TAI_Projects\dev\DecisionOps_dev\p0\data\logs
2026-08-03T11:29:55  INFO      cdm.api.main:55  Object-store container ready: bronze
2026-08-03T11:29:56  INFO      cdm.api.main:71  plants registry ready
2026-08-03T11:30:41  INFO      cdm.api.main:47  CDM API starting — log directory: C:\Users\akshay.patil\OneDrive - TRIDIAGONAL.AI PRIVATE LIMITED\Desktop\TAI_Projects\dev\DecisionOps_dev\p0\data\logs
2026-08-03T11:30:42  INFO      cdm.api.main:55  Object-store container ready: bronze
2026-08-03T11:30:43  INFO      cdm.api.main:71  plants registry ready
2026-08-03T11:31:16  INFO      cdm.api.main:47  CDM API starting — log directory: C:\Users\akshay.patil\OneDrive - TRIDIAGONAL.AI PRIVATE LIMITED\Desktop\TAI_Projects\dev\DecisionOps_dev\p0\data\logs
2026-08-03T11:31:17  INFO      cdm.api.main:55  Object-store container ready: bronze
2026-08-03T11:31:18  INFO      cdm.api.main:71  plants registry ready
2026-08-03T12:36:22  INFO      cdm.api.main:47  CDM API starting — log directory: C:\Users\akshay.patil\OneDrive - TRIDIAGONAL.AI PRIVATE LIMITED\Desktop\TAI_Projects\dev\DecisionOps_dev\p0\data\logs
2026-08-03T12:36:23  INFO      cdm.api.main:55  Object-store container ready: staging-pt
2026-08-03T12:36:25  INFO      cdm.api.main:71  plants registry ready
2026-08-03T12:38:01  INFO      cdm.api.main:47  CDM API starting — log directory: C:\Users\akshay.patil\OneDrive - TRIDIAGONAL.AI PRIVATE LIMITED\Desktop\TAI_Projects\dev\DecisionOps_dev\p0\data\logs
2026-08-03T12:38:01  INFO      cdm.api.main:55  Object-store container ready: staging-pt
2026-08-03T12:38:03  INFO      cdm.api.main:71  plants registry ready
2026-08-03T12:38:55  INFO      cdm.api.main:47  CDM API starting — log directory: C:\Users\akshay.patil\OneDrive - TRIDIAGONAL.AI PRIVATE LIMITED\Desktop\TAI_Projects\dev\DecisionOps_dev\p0\data\logs
2026-08-03T12:38:55  INFO      cdm.api.main:55  Object-store container ready: staging-pt
2026-08-03T12:38:57  INFO      cdm.api.main:71  plants registry ready
2026-08-03T12:42:36  INFO      cdm.api.main:47  CDM API starting — log directory: C:\Users\akshay.patil\OneDrive - TRIDIAGONAL.AI PRIVATE LIMITED\Desktop\TAI_Projects\dev\DecisionOps_dev\p0\data\logs
2026-08-03T12:42:36  INFO      cdm.api.main:55  Object-store container ready: staging-pt
2026-08-03T12:42:37  INFO      cdm.api.main:71  plants registry ready
2026-08-03T13:39:52  INFO      cdm.api.main:47  CDM API starting — log directory: C:\Users\akshay.patil\OneDrive - TRIDIAGONAL.AI PRIVATE LIMITED\Desktop\TAI_Projects\dev\DecisionOps_dev\p0\data\logs
2026-08-03T13:39:53  WARNING   cdm.api.main:64  Container ensure step skipped: Parameter validation failed:
Invalid bucket name "": Bucket name must match the regex "^[a-zA-Z0-9.\-_]{1,255}$" or be an ARN matching the regex "^arn:(aws).*:(s3|s3-object-lambda):[a-z\-0-9]*:[0-9]{12}:accesspoint[/:][a-zA-Z0-9\-.]{1,63}$|^arn:(aws).*:s3-outposts:[a-z\-0-9]+:[0-9]{12}:outpost[/:][a-zA-Z0-9\-]{1,63}[/:]accesspoint[/:][a-zA-Z0-9\-]{1,63}$"
2026-08-03T13:39:57  WARNING   cdm.api.main:73  plants registry init skipped: connection to server at "localhost" (::1), port 5432 failed: Connection refused (0x0000274D/10061)
	Is the server running on that host and accepting TCP/IP connections?
connection to server at "localhost" (127.0.0.1), port 5432 failed: Connection refused (0x0000274D/10061)
	Is the server running on that host and accepting TCP/IP connections?

2026-08-03T13:45:26  INFO      cdm.api.main:47  CDM API starting — log directory: C:\Users\akshay.patil\OneDrive - TRIDIAGONAL.AI PRIVATE LIMITED\Desktop\TAI_Projects\dev\DecisionOps_dev\p0\data\logs
2026-08-03T13:45:26  WARNING   cdm.api.main:64  Container ensure step skipped: Parameter validation failed:
Invalid bucket name "": Bucket name must match the regex "^[a-zA-Z0-9.\-_]{1,255}$" or be an ARN matching the regex "^arn:(aws).*:(s3|s3-object-lambda):[a-z\-0-9]*:[0-9]{12}:accesspoint[/:][a-zA-Z0-9\-.]{1,63}$|^arn:(aws).*:s3-outposts:[a-z\-0-9]+:[0-9]{12}:outpost[/:][a-zA-Z0-9\-]{1,63}[/:]accesspoint[/:][a-zA-Z0-9\-]{1,63}$"
2026-08-03T13:45:30  WARNING   cdm.api.main:73  plants registry init skipped: connection to server at "localhost" (::1), port 5432 failed: Connection refused (0x0000274D/10061)
	Is the server running on that host and accepting TCP/IP connections?
connection to server at "localhost" (127.0.0.1), port 5432 failed: Connection refused (0x0000274D/10061)
	Is the server running on that host and accepting TCP/IP connections?

2026-08-03T13:47:07  INFO      cdm.api.main:47  CDM API starting — log directory: C:\Users\akshay.patil\OneDrive - TRIDIAGONAL.AI PRIVATE LIMITED\Desktop\TAI_Projects\dev\DecisionOps_dev\p0\data\logs
2026-08-03T13:47:07  WARNING   cdm.api.main:64  Container ensure step skipped: Parameter validation failed:
Invalid bucket name "": Bucket name must match the regex "^[a-zA-Z0-9.\-_]{1,255}$" or be an ARN matching the regex "^arn:(aws).*:(s3|s3-object-lambda):[a-z\-0-9]*:[0-9]{12}:accesspoint[/:][a-zA-Z0-9\-.]{1,63}$|^arn:(aws).*:s3-outposts:[a-z\-0-9]+:[0-9]{12}:outpost[/:][a-zA-Z0-9\-]{1,63}[/:]accesspoint[/:][a-zA-Z0-9\-]{1,63}$"
2026-08-03T13:47:11  WARNING   cdm.api.main:73  plants registry init skipped: connection to server at "localhost" (::1), port 5432 failed: Connection refused (0x0000274D/10061)
	Is the server running on that host and accepting TCP/IP connections?
connection to server at "localhost" (127.0.0.1), port 5432 failed: Connection refused (0x0000274D/10061)
	Is the server running on that host and accepting TCP/IP connections?

2026-08-03T13:49:26  INFO      cdm.api.main:47  CDM API starting — log directory: C:\Users\akshay.patil\OneDrive - TRIDIAGONAL.AI PRIVATE LIMITED\Desktop\TAI_Projects\dev\DecisionOps_dev\p0\data\logs
2026-08-03T13:49:26  WARNING   cdm.api.main:64  Container ensure step skipped: Parameter validation failed:
Invalid bucket name "": Bucket name must match the regex "^[a-zA-Z0-9.\-_]{1,255}$" or be an ARN matching the regex "^arn:(aws).*:(s3|s3-object-lambda):[a-z\-0-9]*:[0-9]{12}:accesspoint[/:][a-zA-Z0-9\-.]{1,63}$|^arn:(aws).*:s3-outposts:[a-z\-0-9]+:[0-9]{12}:outpost[/:][a-zA-Z0-9\-]{1,63}[/:]accesspoint[/:][a-zA-Z0-9\-]{1,63}$"
2026-08-03T13:49:30  WARNING   cdm.api.main:73  plants registry init skipped: connection to server at "localhost" (::1), port 5432 failed: Connection refused (0x0000274D/10061)
	Is the server running on that host and accepting TCP/IP connections?
connection to server at "localhost" (127.0.0.1), port 5432 failed: Connection refused (0x0000274D/10061)
	Is the server running on that host and accepting TCP/IP connections?

2026-08-03T13:51:46  INFO      cdm.api.main:47  CDM API starting — log directory: C:\Users\akshay.patil\OneDrive - TRIDIAGONAL.AI PRIVATE LIMITED\Desktop\TAI_Projects\dev\DecisionOps_dev\p0\data\logs
2026-08-03T13:51:46  WARNING   cdm.api.main:64  Container ensure step skipped: Parameter validation failed:
Invalid bucket name "": Bucket name must match the regex "^[a-zA-Z0-9.\-_]{1,255}$" or be an ARN matching the regex "^arn:(aws).*:(s3|s3-object-lambda):[a-z\-0-9]*:[0-9]{12}:accesspoint[/:][a-zA-Z0-9\-.]{1,63}$|^arn:(aws).*:s3-outposts:[a-z\-0-9]+:[0-9]{12}:outpost[/:][a-zA-Z0-9\-]{1,63}[/:]accesspoint[/:][a-zA-Z0-9\-]{1,63}$"
2026-08-03T13:51:50  WARNING   cdm.api.main:73  plants registry init skipped: connection to server at "localhost" (::1), port 5432 failed: Connection refused (0x0000274D/10061)
	Is the server running on that host and accepting TCP/IP connections?
connection to server at "localhost" (127.0.0.1), port 5432 failed: Connection refused (0x0000274D/10061)
	Is the server running on that host and accepting TCP/IP connections?

2026-08-03T14:37:49  INFO      cdm.api.main:47  CDM API starting — log directory: C:\Users\akshay.patil\OneDrive - TRIDIAGONAL.AI PRIVATE LIMITED\Desktop\TAI_Projects\dev\DecisionOps_dev\p0\data\logs
2026-08-03T14:37:50  INFO      cdm.api.main:55  Object-store container ready: staging-pt
2026-08-03T14:37:51  INFO      cdm.api.main:71  plants registry ready
2026-08-03T14:41:15  INFO      cdm.api.main:47  CDM API starting — log directory: C:\Users\akshay.patil\OneDrive - TRIDIAGONAL.AI PRIVATE LIMITED\Desktop\TAI_Projects\dev\DecisionOps_dev\p0\data\logs
2026-08-03T14:41:15  INFO      cdm.api.main:55  Object-store container ready: staging-pt
2026-08-03T14:41:19  INFO      cdm.api.main:71  plants registry ready
2026-08-03T14:44:20  INFO      cdm.api.main:47  CDM API starting — log directory: C:\Users\akshay.patil\OneDrive - TRIDIAGONAL.AI PRIVATE LIMITED\Desktop\TAI_Projects\dev\DecisionOps_dev\p0\data\logs
2026-08-03T14:44:20  INFO      cdm.api.main:55  Object-store container ready: staging-pt
2026-08-03T14:44:24  INFO      cdm.api.main:71  plants registry ready
2026-08-03T14:46:56  INFO      cdm.api.main:47  CDM API starting — log directory: C:\Users\akshay.patil\OneDrive - TRIDIAGONAL.AI PRIVATE LIMITED\Desktop\TAI_Projects\dev\DecisionOps_dev\p0\data\logs
2026-08-03T14:46:56  INFO      cdm.api.main:55  Object-store container ready: staging-pt
2026-08-03T14:46:58  INFO      cdm.api.main:71  plants registry ready
2026-08-03T15:06:04  INFO      cdm.api.main:47  CDM API starting — log directory: C:\Users\akshay.patil\OneDrive - TRIDIAGONAL.AI PRIVATE LIMITED\Desktop\TAI_Projects\dev\DecisionOps_dev\p0\data\logs
2026-08-03T15:06:04  INFO      cdm.api.main:55  Object-store container ready: staging-pt
2026-08-03T15:06:06  INFO      cdm.api.main:71  plants registry ready
2026-08-03T15:07:45  INFO      cdm.api.main:47  CDM API starting — log directory: C:\Users\akshay.patil\OneDrive - TRIDIAGONAL.AI PRIVATE LIMITED\Desktop\TAI_Projects\dev\DecisionOps_dev\p0\data\logs
2026-08-03T15:07:46  INFO      cdm.api.main:55  Object-store container ready: bronze
2026-08-03T15:07:47  INFO      cdm.api.main:71  plants registry ready
2026-08-03T15:16:47  INFO      cdm.api.main:47  CDM API starting — log directory: C:\Users\akshay.patil\OneDrive - TRIDIAGONAL.AI PRIVATE LIMITED\Desktop\TAI_Projects\dev\DecisionOps_dev\p0\data\logs
2026-08-03T15:16:48  INFO      cdm.api.main:55  Object-store container ready: bronze
2026-08-03T15:16:49  INFO      cdm.api.main:71  plants registry ready
2026-08-03T15:17:18  INFO      cdm.api.main:47  CDM API starting — log directory: C:\Users\akshay.patil\OneDrive - TRIDIAGONAL.AI PRIVATE LIMITED\Desktop\TAI_Projects\dev\DecisionOps_dev\p0\data\logs
2026-08-03T15:17:18  INFO      cdm.api.main:55  Object-store container ready: staging-pt
2026-08-03T15:17:19  INFO      cdm.api.main:71  plants registry ready
2026-08-03T16:35:42  INFO      cdm.api.main:47  CDM API starting — log directory: C:\Users\akshay.patil\OneDrive - TRIDIAGONAL.AI PRIVATE LIMITED\Desktop\TAI_Projects\dev\DecisionOps_dev\p0\data\logs
2026-08-03T16:35:43  INFO      cdm.api.main:55  Object-store container ready: staging-pt
2026-08-03T16:35:44  INFO      cdm.api.main:71  plants registry ready
2026-08-04T10:36:46  INFO      cdm.api.main:47  CDM API starting — log directory: C:\Users\akshay.patil\OneDrive - TRIDIAGONAL.AI PRIVATE LIMITED\Desktop\TAI_Projects\dev\DecisionOps_dev\p0\data\logs
2026-08-04T10:36:47  INFO      cdm.api.main:55  Object-store container ready: bronze
2026-08-04T10:36:48  INFO      cdm.api.main:71  plants registry ready
2026-08-04T10:37:26  INFO      cdm.api.main:47  CDM API starting — log directory: C:\Users\akshay.patil\OneDrive - TRIDIAGONAL.AI PRIVATE LIMITED\Desktop\TAI_Projects\dev\DecisionOps_dev\p0\data\logs
2026-08-04T10:37:27  INFO      cdm.api.main:55  Object-store container ready: bronze
2026-08-04T10:37:27  INFO      cdm.api.main:71  plants registry ready
2026-08-04T10:41:55  INFO      cdm.api.main:47  CDM API starting — log directory: C:\Users\akshay.patil\OneDrive - TRIDIAGONAL.AI PRIVATE LIMITED\Desktop\TAI_Projects\dev\DecisionOps_dev\p0\data\logs
2026-08-04T10:41:56  INFO      cdm.api.main:55  Object-store container ready: staging-pt
2026-08-04T10:42:03  INFO      cdm.api.main:71  plants registry ready
2026-08-04T11:22:45  INFO      cdm.api.main:47  CDM API starting — log directory: C:\Users\akshay.patil\OneDrive - TRIDIAGONAL.AI PRIVATE LIMITED\Desktop\TAI_Projects\dev\DecisionOps_dev\p0\data\logs
2026-08-04T11:22:46  INFO      cdm.api.main:55  Object-store container ready: staging-pt
2026-08-04T11:22:51  INFO      cdm.api.main:71  plants registry ready
2026-08-04T11:54:05  INFO      cdm.api.main:47  CDM API starting — log directory: C:\Users\akshay.patil\OneDrive - TRIDIAGONAL.AI PRIVATE LIMITED\Desktop\TAI_Projects\dev\DecisionOps_dev\p0\data\logs
2026-08-04T11:54:05  INFO      cdm.api.main:55  Object-store container ready: staging-pt
2026-08-04T11:54:10  INFO      cdm.api.main:71  plants registry ready
2026-08-04T11:55:35  INFO      cdm.api.main:47  CDM API starting — log directory: C:\Users\akshay.patil\OneDrive - TRIDIAGONAL.AI PRIVATE LIMITED\Desktop\TAI_Projects\dev\DecisionOps_dev\p0\data\logs
2026-08-04T11:55:35  INFO      cdm.api.main:55  Object-store container ready: staging-pt
2026-08-04T11:55:41  INFO      cdm.api.main:71  plants registry ready
2026-08-04T11:57:43  INFO      cdm.api.main:47  CDM API starting — log directory: C:\Users\akshay.patil\OneDrive - TRIDIAGONAL.AI PRIVATE LIMITED\Desktop\TAI_Projects\dev\DecisionOps_dev\p0\data\logs
2026-08-04T11:57:43  INFO      cdm.api.main:55  Object-store container ready: staging-pt
2026-08-04T11:57:48  INFO      cdm.api.main:71  plants registry ready
2026-08-04T14:05:32  INFO      cdm.api.main:47  CDM API starting — log directory: C:\Users\akshay.patil\OneDrive - TRIDIAGONAL.AI PRIVATE LIMITED\Desktop\TAI_Projects\dev\DecisionOps_dev\p0\data\logs
2026-08-04T14:06:04  INFO      cdm.api.main:47  CDM API starting — log directory: C:\Users\akshay.patil\OneDrive - TRIDIAGONAL.AI PRIVATE LIMITED\Desktop\TAI_Projects\dev\DecisionOps_dev\p0\data\logs
2026-08-04T14:23:06  INFO      cdm.api.main:47  CDM API starting — log directory: C:\Users\akshay.patil\OneDrive - TRIDIAGONAL.AI PRIVATE LIMITED\Desktop\TAI_Projects\dev\DecisionOps_dev\p0\data\logs
2026-08-04T14:23:06  WARNING   cdm.api.main:64  Container ensure step skipped: Parameter validation failed:
Invalid bucket name "": Bucket name must match the regex "^[a-zA-Z0-9.\-_]{1,255}$" or be an ARN matching the regex "^arn:(aws).*:(s3|s3-object-lambda):[a-z\-0-9]*:[0-9]{12}:accesspoint[/:][a-zA-Z0-9\-.]{1,63}$|^arn:(aws).*:s3-outposts:[a-z\-0-9]+:[0-9]{12}:outpost[/:][a-zA-Z0-9\-]{1,63}[/:]accesspoint[/:][a-zA-Z0-9\-]{1,63}$"
2026-08-04T14:23:11  WARNING   cdm.api.main:73  plants registry init skipped: connection to server at "localhost" (::1), port 5432 failed: Connection refused (0x0000274D/10061)
	Is the server running on that host and accepting TCP/IP connections?
connection to server at "localhost" (127.0.0.1), port 5432 failed: Connection refused (0x0000274D/10061)
	Is the server running on that host and accepting TCP/IP connections?

2026-08-04T14:24:02  INFO      cdm.api.main:47  CDM API starting — log directory: C:\Users\akshay.patil\OneDrive - TRIDIAGONAL.AI PRIVATE LIMITED\Desktop\TAI_Projects\dev\DecisionOps_dev\p0\data\logs
2026-08-04T14:24:02  WARNING   cdm.api.main:64  Container ensure step skipped: Parameter validation failed:
Invalid bucket name "": Bucket name must match the regex "^[a-zA-Z0-9.\-_]{1,255}$" or be an ARN matching the regex "^arn:(aws).*:(s3|s3-object-lambda):[a-z\-0-9]*:[0-9]{12}:accesspoint[/:][a-zA-Z0-9\-.]{1,63}$|^arn:(aws).*:s3-outposts:[a-z\-0-9]+:[0-9]{12}:outpost[/:][a-zA-Z0-9\-]{1,63}[/:]accesspoint[/:][a-zA-Z0-9\-]{1,63}$"
2026-08-04T14:24:06  WARNING   cdm.api.main:73  plants registry init skipped: connection to server at "localhost" (::1), port 5432 failed: Connection refused (0x0000274D/10061)
	Is the server running on that host and accepting TCP/IP connections?
connection to server at "localhost" (127.0.0.1), port 5432 failed: Connection refused (0x0000274D/10061)
	Is the server running on that host and accepting TCP/IP connections?

2026-08-04T14:24:46  INFO      cdm.api.main:47  CDM API starting — log directory: C:\Users\akshay.patil\OneDrive - TRIDIAGONAL.AI PRIVATE LIMITED\Desktop\TAI_Projects\dev\DecisionOps_dev\p0\data\logs
2026-08-04T14:24:47  WARNING   cdm.api.main:64  Container ensure step skipped: Parameter validation failed:
Invalid bucket name "": Bucket name must match the regex "^[a-zA-Z0-9.\-_]{1,255}$" or be an ARN matching the regex "^arn:(aws).*:(s3|s3-object-lambda):[a-z\-0-9]*:[0-9]{12}:accesspoint[/:][a-zA-Z0-9\-.]{1,63}$|^arn:(aws).*:s3-outposts:[a-z\-0-9]+:[0-9]{12}:outpost[/:][a-zA-Z0-9\-]{1,63}[/:]accesspoint[/:][a-zA-Z0-9\-]{1,63}$"
2026-08-04T14:24:51  WARNING   cdm.api.main:73  plants registry init skipped: connection to server at "localhost" (::1), port 5432 failed: Connection refused (0x0000274D/10061)
	Is the server running on that host and accepting TCP/IP connections?
connection to server at "localhost" (127.0.0.1), port 5432 failed: Connection refused (0x0000274D/10061)
	Is the server running on that host and accepting TCP/IP connections?

2026-08-04T14:28:36  INFO      cdm.api.main:47  CDM API starting — log directory: C:\Users\akshay.patil\OneDrive - TRIDIAGONAL.AI PRIVATE LIMITED\Desktop\TAI_Projects\dev\DecisionOps_dev\p0\data\logs
2026-08-04T14:28:36  WARNING   cdm.api.main:64  Container ensure step skipped: Parameter validation failed:
Invalid bucket name "": Bucket name must match the regex "^[a-zA-Z0-9.\-_]{1,255}$" or be an ARN matching the regex "^arn:(aws).*:(s3|s3-object-lambda):[a-z\-0-9]*:[0-9]{12}:accesspoint[/:][a-zA-Z0-9\-.]{1,63}$|^arn:(aws).*:s3-outposts:[a-z\-0-9]+:[0-9]{12}:outpost[/:][a-zA-Z0-9\-]{1,63}[/:]accesspoint[/:][a-zA-Z0-9\-]{1,63}$"
2026-08-04T14:28:40  WARNING   cdm.api.main:73  plants registry init skipped: connection to server at "localhost" (::1), port 5432 failed: Connection refused (0x0000274D/10061)
	Is the server running on that host and accepting TCP/IP connections?
connection to server at "localhost" (127.0.0.1), port 5432 failed: Connection refused (0x0000274D/10061)
	Is the server running on that host and accepting TCP/IP connections?

2026-08-04T14:29:42  INFO      cdm.api.main:47  CDM API starting — log directory: C:\Users\akshay.patil\OneDrive - TRIDIAGONAL.AI PRIVATE LIMITED\Desktop\TAI_Projects\dev\DecisionOps_dev\p0\data\logs
2026-08-04T14:29:42  WARNING   cdm.api.main:64  Container ensure step skipped: Parameter validation failed:
Invalid bucket name "": Bucket name must match the regex "^[a-zA-Z0-9.\-_]{1,255}$" or be an ARN matching the regex "^arn:(aws).*:(s3|s3-object-lambda):[a-z\-0-9]*:[0-9]{12}:accesspoint[/:][a-zA-Z0-9\-.]{1,63}$|^arn:(aws).*:s3-outposts:[a-z\-0-9]+:[0-9]{12}:outpost[/:][a-zA-Z0-9\-]{1,63}[/:]accesspoint[/:][a-zA-Z0-9\-]{1,63}$"
2026-08-04T14:29:46  WARNING   cdm.api.main:73  plants registry init skipped: connection to server at "localhost" (::1), port 5432 failed: Connection refused (0x0000274D/10061)
	Is the server running on that host and accepting TCP/IP connections?
connection to server at "localhost" (127.0.0.1), port 5432 failed: Connection refused (0x0000274D/10061)
	Is the server running on that host and accepting TCP/IP connections?

2026-08-04T14:35:49  INFO      cdm.api.main:47  CDM API starting — log directory: C:\Users\akshay.patil\OneDrive - TRIDIAGONAL.AI PRIVATE LIMITED\Desktop\TAI_Projects\dev\DecisionOps_dev\p0\data\logs
2026-08-04T14:35:49  INFO      cdm.api.main:55  Object-store container ready: bronze
2026-08-04T14:35:50  INFO      cdm.api.main:71  plants registry ready
2026-08-04T14:38:33  INFO      cdm.api.main:47  CDM API starting — log directory: C:\Users\akshay.patil\OneDrive - TRIDIAGONAL.AI PRIVATE LIMITED\Desktop\TAI_Projects\dev\DecisionOps_dev\p0\data\logs
2026-08-04T14:38:33  WARNING   cdm.api.main:64  Container ensure step skipped: Parameter validation failed:
Invalid bucket name "": Bucket name must match the regex "^[a-zA-Z0-9.\-_]{1,255}$" or be an ARN matching the regex "^arn:(aws).*:(s3|s3-object-lambda):[a-z\-0-9]*:[0-9]{12}:accesspoint[/:][a-zA-Z0-9\-.]{1,63}$|^arn:(aws).*:s3-outposts:[a-z\-0-9]+:[0-9]{12}:outpost[/:][a-zA-Z0-9\-]{1,63}[/:]accesspoint[/:][a-zA-Z0-9\-]{1,63}$"
2026-08-04T14:38:37  WARNING   cdm.api.main:73  plants registry init skipped: connection to server at "localhost" (::1), port 5432 failed: Connection refused (0x0000274D/10061)
	Is the server running on that host and accepting TCP/IP connections?
connection to server at "localhost" (127.0.0.1), port 5432 failed: Connection refused (0x0000274D/10061)
	Is the server running on that host and accepting TCP/IP connections?

2026-08-04T14:51:16  INFO      cdm.api.main:47  CDM API starting — log directory: C:\Users\akshay.patil\OneDrive - TRIDIAGONAL.AI PRIVATE LIMITED\Desktop\TAI_Projects\dev\DecisionOps_dev\p0\data\logs
2026-08-04T14:51:16  INFO      cdm.api.main:55  Object-store container ready: 
2026-08-04T14:51:16  WARNING   cdm.api.main:73  plants registry init skipped: 'NoneType' object has no attribute 'autocommit'
2026-08-04T15:08:24  INFO      cdm.api.main:47  CDM API starting — log directory: C:\Users\akshay.patil\OneDrive - TRIDIAGONAL.AI PRIVATE LIMITED\Desktop\TAI_Projects\dev\DecisionOps_dev\p0\data\logs
2026-08-04T15:08:24  INFO      cdm.api.main:55  Object-store container ready: staging-pt
2026-08-04T15:08:30  INFO      cdm.api.main:71  plants registry ready
2026-08-04T15:14:48  INFO      cdm.api.main:47  CDM API starting — log directory: C:\Users\akshay.patil\OneDrive - TRIDIAGONAL.AI PRIVATE LIMITED\Desktop\TAI_Projects\dev\DecisionOps_dev\p0\data\logs
2026-08-04T15:14:48  INFO      cdm.api.main:55  Object-store container ready: staging-pt
2026-08-04T15:14:53  INFO      cdm.api.main:71  plants registry ready
2026-08-04T15:32:50  INFO      cdm.api.main:47  CDM API starting — log directory: C:\Users\akshay.patil\OneDrive - TRIDIAGONAL.AI PRIVATE LIMITED\Desktop\TAI_Projects\dev\DecisionOps_dev\p0\data\logs
2026-08-04T15:32:50  INFO      cdm.api.main:55  Object-store container ready: staging-pt
2026-08-04T15:32:56  INFO      cdm.api.main:71  plants registry ready
2026-08-04T15:47:47  INFO      cdm.api.main:47  CDM API starting — log directory: C:\Users\akshay.patil\OneDrive - TRIDIAGONAL.AI PRIVATE LIMITED\Desktop\TAI_Projects\dev\DecisionOps_dev\p0\data\logs
2026-08-04T15:47:50  WARNING   cdm.api.main:57  Object-store container 'staging-pt' could not be auto-created — pipeline writes may fail. Check endpoint reachability / credentials, or create the container manually.
2026-08-04T15:47:54  WARNING   cdm.api.main:73  plants registry init skipped: connection to server at "localhost" (::1), port 5432 failed: Connection refused (0x0000274D/10061)
	Is the server running on that host and accepting TCP/IP connections?
connection to server at "localhost" (127.0.0.1), port 5432 failed: Connection refused (0x0000274D/10061)
	Is the server running on that host and accepting TCP/IP connections?

2026-08-04T15:48:25  INFO      cdm.api.main:47  CDM API starting — log directory: C:\Users\akshay.patil\OneDrive - TRIDIAGONAL.AI PRIVATE LIMITED\Desktop\TAI_Projects\dev\DecisionOps_dev\p0\data\logs
2026-08-04T15:48:25  INFO      cdm.api.main:55  Object-store container ready: staging-pt
2026-08-04T15:48:30  INFO      cdm.api.main:71  plants registry ready
2026-08-04T16:42:23  INFO      cdm.api.main:47  CDM API starting — log directory: C:\Users\akshay.patil\OneDrive - TRIDIAGONAL.AI PRIVATE LIMITED\Desktop\TAI_Projects\dev\DecisionOps_dev\p0\data\logs
2026-08-04T16:42:23  INFO      cdm.api.main:55  Object-store container ready: staging-pt
2026-08-04T16:42:27  INFO      cdm.api.main:71  plants registry ready
2026-08-04T16:44:17  INFO      cdm.api.main:47  CDM API starting — log directory: C:\Users\akshay.patil\OneDrive - TRIDIAGONAL.AI PRIVATE LIMITED\Desktop\TAI_Projects\dev\DecisionOps_dev\p0\data\logs
2026-08-04T16:44:18  INFO      cdm.api.main:55  Object-store container ready: staging-pt
2026-08-04T16:44:21  INFO      cdm.api.main:71  plants registry ready
2026-08-04T17:07:38  INFO      cdm.api.main:47  CDM API starting — log directory: C:\Users\akshay.patil\OneDrive - TRIDIAGONAL.AI PRIVATE LIMITED\Desktop\TAI_Projects\dev\DecisionOps_dev\p0\data\logs
2026-08-04T17:07:38  INFO      cdm.api.main:55  Object-store container ready: staging-pt
2026-08-04T17:07:41  INFO      cdm.api.main:71  plants registry ready
2026-08-04T17:08:33  INFO      cdm.api.main:47  CDM API starting — log directory: C:\Users\akshay.patil\OneDrive - TRIDIAGONAL.AI PRIVATE LIMITED\Desktop\TAI_Projects\dev\DecisionOps_dev\p0\data\logs
2026-08-04T17:08:34  INFO      cdm.api.main:55  Object-store container ready: staging-pt
2026-08-04T17:08:36  INFO      cdm.api.main:71  plants registry ready
2026-08-04T17:39:19  INFO      cdm.api.main:47  CDM API starting — log directory: C:\Users\akshay.patil\OneDrive - TRIDIAGONAL.AI PRIVATE LIMITED\Desktop\TAI_Projects\dev\DecisionOps_dev\p0\data\logs
2026-08-04T17:39:34  WARNING   cdm.api.main:64  Container ensure step skipped: Could not connect to the endpoint URL: "http://localhost:50580/staging-pt"
2026-08-04T17:39:38  WARNING   cdm.api.main:73  plants registry init skipped: connection to server at "localhost" (::1), port 5433 failed: Connection refused (0x0000274D/10061)
	Is the server running on that host and accepting TCP/IP connections?
connection to server at "localhost" (127.0.0.1), port 5433 failed: Connection refused (0x0000274D/10061)
	Is the server running on that host and accepting TCP/IP connections?

2026-08-04T17:55:10  INFO      cdm.api.main:47  CDM API starting — log directory: C:\Users\akshay.patil\OneDrive - TRIDIAGONAL.AI PRIVATE LIMITED\Desktop\TAI_Projects\dev\DecisionOps_dev\p0\data\logs
2026-08-04T17:55:23  WARNING   cdm.api.main:64  Container ensure step skipped: Could not connect to the endpoint URL: "http://localhost:50580/staging-pt"
2026-08-04T17:55:28  WARNING   cdm.api.main:73  plants registry init skipped: connection to server at "localhost" (::1), port 5433 failed: Connection refused (0x0000274D/10061)
	Is the server running on that host and accepting TCP/IP connections?
connection to server at "localhost" (127.0.0.1), port 5433 failed: Connection refused (0x0000274D/10061)
	Is the server running on that host and accepting TCP/IP connections?

2026-08-04T17:57:40  INFO      cdm.api.main:47  CDM API starting — log directory: C:\Users\akshay.patil\OneDrive - TRIDIAGONAL.AI PRIVATE LIMITED\Desktop\TAI_Projects\dev\DecisionOps_dev\p0\data\logs
2026-08-04T17:57:53  WARNING   cdm.api.main:64  Container ensure step skipped: Could not connect to the endpoint URL: "http://localhost:50580/staging-pt"
2026-08-04T17:57:57  WARNING   cdm.api.main:73  plants registry init skipped: connection to server at "localhost" (::1), port 5433 failed: Connection refused (0x0000274D/10061)
	Is the server running on that host and accepting TCP/IP connections?
connection to server at "localhost" (127.0.0.1), port 5433 failed: Connection refused (0x0000274D/10061)
	Is the server running on that host and accepting TCP/IP connections?

2026-08-04T17:58:58  INFO      cdm.api.main:47  CDM API starting — log directory: C:\Users\akshay.patil\OneDrive - TRIDIAGONAL.AI PRIVATE LIMITED\Desktop\TAI_Projects\dev\DecisionOps_dev\p0\data\logs
2026-08-04T17:58:58  WARNING   cdm.api.main:57  Object-store container 'staging-pt' could not be auto-created — pipeline writes may fail. Check endpoint reachability / credentials, or create the container manually.
2026-08-04T17:59:03  INFO      cdm.api.main:71  plants registry ready
2026-08-05T11:37:51  INFO      cdm.api.main:47  CDM API starting — log directory: C:\Users\akshay.patil\OneDrive - TRIDIAGONAL.AI PRIVATE LIMITED\Desktop\TAI_Projects\dev\DecisionOps_dev\p0\data\logs
2026-08-05T11:37:52  INFO      cdm.api.main:55  Object-store container ready: staging-pt
2026-08-05T11:37:54  INFO      cdm.api.main:71  plants registry ready
2026-08-05T11:57:35  INFO      cdm.api.main:47  CDM API starting — log directory: C:\Users\akshay.patil\OneDrive - TRIDIAGONAL.AI PRIVATE LIMITED\Desktop\TAI_Projects\dev\DecisionOps_dev\p0\data\logs
2026-08-05T11:57:35  INFO      cdm.api.main:55  Object-store container ready: bronze
2026-08-05T11:57:36  INFO      cdm.api.main:71  plants registry ready
2026-08-05T11:59:46  INFO      cdm.api.main:47  CDM API starting — log directory: C:\Users\akshay.patil\OneDrive - TRIDIAGONAL.AI PRIVATE LIMITED\Desktop\TAI_Projects\dev\DecisionOps_dev\p0\data\logs
2026-08-05T11:59:46  INFO      cdm.api.main:55  Object-store container ready: bronze
2026-08-05T11:59:47  INFO      cdm.api.main:71  plants registry ready
2026-08-05T12:00:38  INFO      cdm.api.main:47  CDM API starting — log directory: C:\Users\akshay.patil\OneDrive - TRIDIAGONAL.AI PRIVATE LIMITED\Desktop\TAI_Projects\dev\DecisionOps_dev\p0\data\logs
2026-08-05T12:00:38  INFO      cdm.api.main:55  Object-store container ready: bronze
2026-08-05T12:00:39  INFO      cdm.api.main:71  plants registry ready
2026-08-05T16:34:30  INFO      cdm.api.main:47  CDM API starting — log directory: C:\Users\akshay.patil\OneDrive - TRIDIAGONAL.AI PRIVATE LIMITED\Desktop\TAI_Projects\dev\DecisionOps_dev\p0\data\logs
2026-08-05T16:34:30  INFO      cdm.api.main:55  Object-store container ready: staging-pt
2026-08-05T16:34:32  INFO      cdm.api.main:71  plants registry ready
2026-08-05T16:48:28  INFO      cdm.api.main:47  CDM API starting — log directory: C:\Users\akshay.patil\OneDrive - TRIDIAGONAL.AI PRIVATE LIMITED\Desktop\TAI_Projects\dev\DecisionOps_dev\p0\data\logs
2026-08-05T16:48:28  INFO      cdm.api.main:55  Object-store container ready: bronze
2026-08-05T16:48:29  INFO      cdm.api.main:71  plants registry ready
2026-08-06T10:21:59  INFO      cdm.api.main:47  CDM API starting — log directory: C:\Users\akshay.patil\OneDrive - TRIDIAGONAL.AI PRIVATE LIMITED\Desktop\TAI_Projects\dev\DecisionOps_dev\p0\data\logs
2026-08-06T10:21:59  INFO      cdm.api.main:55  Object-store container ready: staging-pt
2026-08-06T10:22:02  INFO      cdm.api.main:71  plants registry ready
2026-08-06T10:22:03  INFO      p0.plants:884  [plants] dropped database: decisionops_plant_1_testcase
2026-08-06T10:22:03  INFO      p0.plants:843  [plants] created database: decisionops_plant_1_testcase
2026-08-06T10:22:12  INFO      p0.plants:857  [plants] CDM schema applied + plant row seeded in decisionops_plant_1_testcase
2026-08-06T10:22:14  INFO      p0.plants:884  [plants] dropped database: decisionops_provisioning_testcase
2026-08-06T10:22:14  INFO      p0.plants:843  [plants] created database: decisionops_provisioning_testcase
2026-08-06T10:22:24  INFO      p0.plants:857  [plants] CDM schema applied + plant row seeded in decisionops_provisioning_testcase
2026-08-06T10:22:25  INFO      p0.plants:884  [plants] dropped database: decisionops_provisioning_testcase
2026-08-06T10:22:25  INFO      p0.plants:884  [plants] dropped database: decisionops_provisioning_testcase
2026-08-06T10:22:26  INFO      p0.plants:843  [plants] created database: decisionops_provisioning_testcase
2026-08-06T10:22:34  INFO      p0.plants:857  [plants] CDM schema applied + plant row seeded in decisionops_provisioning_testcase
2026-08-06T10:22:46  INFO      p0.plants:857  [plants] CDM schema applied + plant row seeded in decisionops_provisioning_testcase
2026-08-06T10:22:47  INFO      p0.plants:884  [plants] dropped database: decisionops_provisioning_testcase
2026-08-06T10:22:49  INFO      p0.plants:884  [plants] dropped database: decisionops_provisioning_testcase
2026-08-06T10:22:49  INFO      p0.plants:843  [plants] created database: decisionops_provisioning_testcase
2026-08-06T10:23:11  INFO      p0.plants:857  [plants] CDM schema applied + plant row seeded in decisionops_provisioning_testcase
2026-08-06T10:23:11  INFO      p0.plants:884  [plants] dropped database: decisionops_provisioning_testcase
2026-08-06T10:23:11  INFO      p0.plants:884  [plants] dropped database: decisionops_provisioning_testcase
2026-08-06T10:23:12  INFO      p0.plants:884  [plants] dropped database: decisionops_provisioning_testcase
2026-08-06T10:23:14  INFO      p0.plants:843  [plants] created database: decisionops_provisioning_testcase
2026-08-06T10:23:26  INFO      p0.plants:857  [plants] CDM schema applied + plant row seeded in decisionops_provisioning_testcase
2026-08-06T10:23:26  INFO      p0.plants:370  [plants] added: provisioning_testcase -> decisionops_provisioning_testcase (by=tester)
2026-08-06T10:23:27  INFO      p0.plants:884  [plants] dropped database: decisionops_provisioning_testcase
2026-08-06T10:23:27  INFO      p0.plants:884  [plants] dropped database: decisionops_provisioning_testcase
2026-08-06T10:23:28  INFO      p0.plants:843  [plants] created database: decisionops_provisioning_testcase
2026-08-06T10:23:40  INFO      p0.plants:857  [plants] CDM schema applied + plant row seeded in decisionops_provisioning_testcase
2026-08-06T10:23:40  INFO      p0.plants:370  [plants] added: provisioning_testcase -> decisionops_provisioning_testcase (by=tester)
2026-08-06T10:23:40  INFO      p0.plants:884  [plants] dropped database: decisionops_provisioning_testcase
2026-08-06T10:23:41  INFO      p0.plants:884  [plants] dropped database: decisionops_provisioning_testcase
2026-08-06T10:23:42  INFO      p0.plants:843  [plants] created database: decisionops_provisioning_testcase
2026-08-06T10:24:00  INFO      p0.plants:857  [plants] CDM schema applied + plant row seeded in decisionops_provisioning_testcase
2026-08-06T10:24:00  INFO      p0.plants:370  [plants] added: provisioning_testcase -> decisionops_provisioning_testcase (by=tester)
2026-08-06T10:24:01  INFO      p0.plants:884  [plants] dropped database: decisionops_provisioning_testcase
2026-08-06T10:24:01  INFO      p0.plants:392  [plants] deleted: provisioning_testcase
2026-08-06T10:24:02  INFO      p0.plants:884  [plants] dropped database: decisionops_provisioning_testcase
2026-08-06T10:24:02  INFO      p0.plants:884  [plants] dropped database: decisionops_provisioning_testcase
2026-08-06T10:24:06  INFO      p0.plants:884  [plants] dropped database: decisionops_provisioning_testcase
2026-08-06T10:24:07  INFO      p0.plants:884  [plants] dropped database: decisionops_provisioning_testcase
2026-08-06T10:24:07  INFO      p0.plants:884  [plants] dropped database: decisionops_provisioning_testcase
2026-08-06T10:24:08  INFO      p0.plants:884  [plants] dropped database: decisionops_provisioning_testcase
2026-08-06T10:24:08  INFO      p0.plants:843  [plants] created database: decisionops_provisioning_testcase
2026-08-06T10:24:20  INFO      p0.plants:857  [plants] CDM schema applied + plant row seeded in decisionops_provisioning_testcase
2026-08-06T10:24:22  INFO      p0.plants:305  [plants] adopted pre-registry plant: plant_1_testcase -> decisionops_plant_1_testcase
2026-08-06T10:24:23  INFO      p0.plants:305  [plants] adopted pre-registry plant: provisioning_testcase -> decisionops_provisioning_testcase
2026-08-06T10:24:23  INFO      p0.plants:884  [plants] dropped database: decisionops_provisioning_testcase
2026-08-06T10:24:24  INFO      p0.plants:884  [plants] dropped database: decisionops_routing_testcase
2026-08-06T10:24:24  INFO      p0.plants:843  [plants] created database: decisionops_routing_testcase
2026-08-06T10:24:31  INFO      p0.plants:857  [plants] CDM schema applied + plant row seeded in decisionops_routing_testcase
2026-08-06T10:24:31  INFO      p0.plants:370  [plants] added: routing_testcase -> decisionops_routing_testcase (by=tester)
2026-08-06T10:24:31  INFO      p0.plants:884  [plants] dropped database: decisionops_routing_testcase
2026-08-06T10:24:32  INFO      p0.plants:592  [plants] PURGE complete routing_testcase: pg={'database_dropped': ['decisionops_routing_testcase']} iotdb={'series_removed': 0} rustfs={'objects_removed': 0}
2026-08-06T10:24:32  INFO      p0.plants:884  [plants] dropped database: decisionops_isolation_a_testcase
2026-08-06T10:24:33  INFO      p0.plants:843  [plants] created database: decisionops_isolation_a_testcase
2026-08-06T10:24:40  INFO      p0.plants:857  [plants] CDM schema applied + plant row seeded in decisionops_isolation_a_testcase
2026-08-06T10:24:40  INFO      p0.plants:370  [plants] added: isolation_a_testcase -> decisionops_isolation_a_testcase (by=tester)
2026-08-06T10:24:41  INFO      p0.plants:884  [plants] dropped database: decisionops_isolation_b_testcase
2026-08-06T10:24:42  INFO      p0.plants:843  [plants] created database: decisionops_isolation_b_testcase
2026-08-06T10:24:52  INFO      p0.plants:857  [plants] CDM schema applied + plant row seeded in decisionops_isolation_b_testcase
2026-08-06T10:24:52  INFO      p0.plants:370  [plants] added: isolation_b_testcase -> decisionops_isolation_b_testcase (by=tester)
2026-08-06T10:24:54  INFO      p0.plants:884  [plants] dropped database: decisionops_isolation_a_testcase
2026-08-06T10:24:54  INFO      p0.plants:592  [plants] PURGE complete isolation_a_testcase: pg={'database_dropped': ['decisionops_isolation_a_testcase']} iotdb={'series_removed': 0} rustfs={'objects_removed': 0}
2026-08-06T10:24:54  INFO      p0.plants:884  [plants] dropped database: decisionops_isolation_b_testcase
2026-08-06T10:24:54  INFO      p0.plants:592  [plants] PURGE complete isolation_b_testcase: pg={'database_dropped': ['decisionops_isolation_b_testcase']} iotdb={'series_removed': 0} rustfs={'objects_removed': 0}
2026-08-06T10:26:07  INFO      cdm.api.main:47  CDM API starting — log directory: C:\Users\akshay.patil\OneDrive - TRIDIAGONAL.AI PRIVATE LIMITED\Desktop\TAI_Projects\dev\DecisionOps_dev\p0\data\logs
2026-08-06T10:26:07  INFO      cdm.api.main:55  Object-store container ready: staging-pt
2026-08-06T10:26:10  INFO      cdm.api.main:71  plants registry ready
2026-08-06T10:26:11  INFO      p0.plants:884  [plants] dropped database: decisionops_plant_1_testcase
2026-08-06T10:26:11  INFO      p0.plants:843  [plants] created database: decisionops_plant_1_testcase
2026-08-06T10:26:18  INFO      p0.plants:857  [plants] CDM schema applied + plant row seeded in decisionops_plant_1_testcase
2026-08-06T10:26:18  INFO      p0.plants:51  [plants] created registry database: plant_registry_testcase
2026-08-06T10:26:19  INFO      p0.plants:884  [plants] dropped database: decisionops_provisioning_testcase
2026-08-06T10:26:19  INFO      p0.plants:843  [plants] created database: decisionops_provisioning_testcase
2026-08-06T10:26:25  INFO      p0.plants:857  [plants] CDM schema applied + plant row seeded in decisionops_provisioning_testcase
2026-08-06T10:26:26  INFO      p0.plants:884  [plants] dropped database: decisionops_provisioning_testcase
2026-08-06T10:26:26  INFO      p0.plants:884  [plants] dropped database: decisionops_provisioning_testcase
2026-08-06T10:26:26  INFO      p0.plants:843  [plants] created database: decisionops_provisioning_testcase
2026-08-06T10:26:34  INFO      p0.plants:857  [plants] CDM schema applied + plant row seeded in decisionops_provisioning_testcase
2026-08-06T10:26:41  INFO      p0.plants:857  [plants] CDM schema applied + plant row seeded in decisionops_provisioning_testcase
2026-08-06T10:26:41  INFO      p0.plants:884  [plants] dropped database: decisionops_provisioning_testcase
2026-08-06T10:26:41  INFO      p0.plants:884  [plants] dropped database: decisionops_provisioning_testcase
2026-08-06T10:26:42  INFO      p0.plants:843  [plants] created database: decisionops_provisioning_testcase
2026-08-06T10:26:48  INFO      p0.plants:857  [plants] CDM schema applied + plant row seeded in decisionops_provisioning_testcase
2026-08-06T10:26:49  INFO      p0.plants:884  [plants] dropped database: decisionops_provisioning_testcase
2026-08-06T10:26:49  INFO      p0.plants:884  [plants] dropped database: decisionops_provisioning_testcase
2026-08-06T10:26:49  INFO      p0.plants:884  [plants] dropped database: decisionops_provisioning_testcase
2026-08-06T10:26:50  INFO      p0.plants:843  [plants] created database: decisionops_provisioning_testcase
2026-08-06T10:26:57  INFO      p0.plants:857  [plants] CDM schema applied + plant row seeded in decisionops_provisioning_testcase
2026-08-06T10:26:57  INFO      p0.plants:370  [plants] added: provisioning_testcase -> decisionops_provisioning_testcase (by=tester)
2026-08-06T10:26:57  INFO      p0.plants:884  [plants] dropped database: decisionops_provisioning_testcase
2026-08-06T10:26:58  INFO      p0.plants:884  [plants] dropped database: decisionops_provisioning_testcase
2026-08-06T10:26:58  INFO      p0.plants:843  [plants] created database: decisionops_provisioning_testcase
2026-08-06T10:27:04  INFO      p0.plants:857  [plants] CDM schema applied + plant row seeded in decisionops_provisioning_testcase
2026-08-06T10:27:04  INFO      p0.plants:370  [plants] added: provisioning_testcase -> decisionops_provisioning_testcase (by=tester)
2026-08-06T10:27:04  INFO      p0.plants:884  [plants] dropped database: decisionops_provisioning_testcase
2026-08-06T10:27:04  INFO      p0.plants:884  [plants] dropped database: decisionops_provisioning_testcase
2026-08-06T10:27:05  INFO      p0.plants:843  [plants] created database: decisionops_provisioning_testcase
2026-08-06T10:27:10  INFO      p0.plants:857  [plants] CDM schema applied + plant row seeded in decisionops_provisioning_testcase
2026-08-06T10:27:10  INFO      p0.plants:370  [plants] added: provisioning_testcase -> decisionops_provisioning_testcase (by=tester)
2026-08-06T10:27:11  INFO      p0.plants:884  [plants] dropped database: decisionops_provisioning_testcase
2026-08-06T10:27:11  INFO      p0.plants:392  [plants] deleted: provisioning_testcase
2026-08-06T10:27:11  INFO      p0.plants:884  [plants] dropped database: decisionops_provisioning_testcase
2026-08-06T10:27:11  INFO      p0.plants:884  [plants] dropped database: decisionops_provisioning_testcase
2026-08-06T10:27:12  INFO      p0.plants:884  [plants] dropped database: decisionops_provisioning_testcase
2026-08-06T10:27:12  INFO      p0.plants:884  [plants] dropped database: decisionops_provisioning_testcase
2026-08-06T10:27:12  INFO      p0.plants:884  [plants] dropped database: decisionops_provisioning_testcase
2026-08-06T10:27:13  INFO      p0.plants:884  [plants] dropped database: decisionops_provisioning_testcase
2026-08-06T10:27:13  INFO      p0.plants:843  [plants] created database: decisionops_provisioning_testcase
2026-08-06T10:27:19  INFO      p0.plants:857  [plants] CDM schema applied + plant row seeded in decisionops_provisioning_testcase
2026-08-06T10:27:20  INFO      p0.plants:305  [plants] adopted pre-registry plant: plant_1_testcase -> decisionops_plant_1_testcase
2026-08-06T10:27:20  INFO      p0.plants:305  [plants] adopted pre-registry plant: provisioning_testcase -> decisionops_provisioning_testcase
2026-08-06T10:27:21  INFO      p0.plants:884  [plants] dropped database: decisionops_provisioning_testcase
2026-08-06T10:27:21  INFO      p0.plants:884  [plants] dropped database: decisionops_routing_testcase
2026-08-06T10:27:22  INFO      p0.plants:843  [plants] created database: decisionops_routing_testcase
2026-08-06T10:27:29  INFO      p0.plants:857  [plants] CDM schema applied + plant row seeded in decisionops_routing_testcase
2026-08-06T10:27:29  INFO      p0.plants:370  [plants] added: routing_testcase -> decisionops_routing_testcase (by=tester)
2026-08-06T10:27:30  INFO      p0.plants:884  [plants] dropped database: decisionops_routing_testcase
2026-08-06T10:27:31  INFO      p0.plants:592  [plants] PURGE complete routing_testcase: pg={'database_dropped': ['decisionops_routing_testcase']} iotdb={'series_removed': 0} rustfs={'objects_removed': 0}
2026-08-06T10:27:31  INFO      p0.plants:884  [plants] dropped database: decisionops_isolation_a_testcase
2026-08-06T10:27:31  INFO      p0.plants:843  [plants] created database: decisionops_isolation_a_testcase
2026-08-06T10:27:38  INFO      p0.plants:857  [plants] CDM schema applied + plant row seeded in decisionops_isolation_a_testcase
2026-08-06T10:27:38  INFO      p0.plants:370  [plants] added: isolation_a_testcase -> decisionops_isolation_a_testcase (by=tester)
2026-08-06T10:27:38  INFO      p0.plants:884  [plants] dropped database: decisionops_isolation_b_testcase
2026-08-06T10:27:39  INFO      p0.plants:843  [plants] created database: decisionops_isolation_b_testcase
2026-08-06T10:27:46  INFO      p0.plants:857  [plants] CDM schema applied + plant row seeded in decisionops_isolation_b_testcase
2026-08-06T10:27:46  INFO      p0.plants:370  [plants] added: isolation_b_testcase -> decisionops_isolation_b_testcase (by=tester)
2026-08-06T10:27:48  INFO      p0.plants:884  [plants] dropped database: decisionops_isolation_a_testcase
2026-08-06T10:27:49  INFO      p0.plants:592  [plants] PURGE complete isolation_a_testcase: pg={'database_dropped': ['decisionops_isolation_a_testcase']} iotdb={'series_removed': 0} rustfs={'objects_removed': 0}
2026-08-06T10:27:49  INFO      p0.plants:884  [plants] dropped database: decisionops_isolation_b_testcase
2026-08-06T10:27:50  INFO      p0.plants:592  [plants] PURGE complete isolation_b_testcase: pg={'database_dropped': ['decisionops_isolation_b_testcase']} iotdb={'series_removed': 0} rustfs={'objects_removed': 0}
2026-08-06T10:49:50  INFO      cdm.api.main:47  CDM API starting — log directory: C:\Users\akshay.patil\OneDrive - TRIDIAGONAL.AI PRIVATE LIMITED\Desktop\TAI_Projects\dev\DecisionOps_dev\p0\data\logs
2026-08-06T10:49:51  INFO      cdm.api.main:55  Object-store container ready: staging-pt
2026-08-06T10:49:56  INFO      cdm.api.main:71  plants registry ready
2026-08-06T10:59:59  INFO      cdm.api.main:47  CDM API starting — log directory: C:\Users\akshay.patil\OneDrive - TRIDIAGONAL.AI PRIVATE LIMITED\Desktop\TAI_Projects\dev\DecisionOps_dev\p0\data\logs
2026-08-06T11:00:00  INFO      cdm.api.main:55  Object-store container ready: staging-pt
2026-08-06T11:00:05  INFO      cdm.api.main:71  plants registry ready
2026-08-06T11:02:38  INFO      cdm.api.main:47  CDM API starting — log directory: C:\Users\akshay.patil\OneDrive - TRIDIAGONAL.AI PRIVATE LIMITED\Desktop\TAI_Projects\dev\DecisionOps_dev\p0\data\logs
2026-08-06T11:02:38  INFO      cdm.api.main:55  Object-store container ready: staging-pt
2026-08-06T11:02:44  INFO      cdm.api.main:71  plants registry ready
2026-08-06T11:03:59  INFO      cdm.api.main:47  CDM API starting — log directory: C:\Users\akshay.patil\OneDrive - TRIDIAGONAL.AI PRIVATE LIMITED\Desktop\TAI_Projects\dev\DecisionOps_dev\p0\data\logs
2026-08-06T11:03:59  INFO      cdm.api.main:55  Object-store container ready: staging-pt
2026-08-06T11:04:05  INFO      cdm.api.main:71  plants registry ready
2026-08-06T11:12:10  INFO      cdm.api.main:47  CDM API starting — log directory: C:\Users\akshay.patil\OneDrive - TRIDIAGONAL.AI PRIVATE LIMITED\Desktop\TAI_Projects\dev\DecisionOps_dev\p0\data\logs
2026-08-06T11:12:10  INFO      cdm.api.main:55  Object-store container ready: staging-pt
2026-08-06T11:12:12  INFO      cdm.api.main:71  plants registry ready
2026-08-06T11:28:01  INFO      cdm.api.main:47  CDM API starting — log directory: C:\Users\akshay.patil\OneDrive - TRIDIAGONAL.AI PRIVATE LIMITED\Desktop\TAI_Projects\dev\DecisionOps_dev\p0\data\logs
2026-08-06T11:28:03  INFO      cdm.api.main:55  Object-store container ready: staging-pt
2026-08-06T11:28:11  INFO      cdm.api.main:71  plants registry ready
2026-08-06T11:48:56  INFO      cdm.api.main:47  CDM API starting — log directory: C:\Users\akshay.patil\OneDrive - TRIDIAGONAL.AI PRIVATE LIMITED\Desktop\TAI_Projects\dev\DecisionOps_dev\p0\data\logs
2026-08-06T11:48:56  INFO      cdm.api.main:55  Object-store container ready: staging-pt
2026-08-06T11:48:58  INFO      cdm.api.main:71  plants registry ready
2026-08-06T12:02:45  INFO      cdm.api.main:47  CDM API starting — log directory: C:\Users\akshay.patil\OneDrive - TRIDIAGONAL.AI PRIVATE LIMITED\Desktop\TAI_Projects\dev\DecisionOps_dev\p0\data\logs
2026-08-06T12:02:45  INFO      cdm.api.main:55  Object-store container ready: staging-pt
2026-08-06T12:02:50  INFO      cdm.api.main:71  plants registry ready
2026-08-06T13:49:29  INFO      cdm.api.main:47  CDM API starting — log directory: C:\Users\akshay.patil\OneDrive - TRIDIAGONAL.AI PRIVATE LIMITED\Desktop\TAI_Projects\dev\DecisionOps_dev\p0\data\logs
2026-08-06T13:49:30  INFO      cdm.api.main:55  Object-store container ready: staging-pt
2026-08-06T13:49:32  INFO      cdm.api.main:71  plants registry ready
2026-08-06T14:00:35  INFO      cdm.api.main:47  CDM API starting — log directory: C:\Users\akshay.patil\OneDrive - TRIDIAGONAL.AI PRIVATE LIMITED\Desktop\TAI_Projects\dev\DecisionOps_dev\p0\data\logs
2026-08-06T14:00:35  INFO      cdm.api.main:55  Object-store container ready: staging-pt
2026-08-06T14:00:37  INFO      cdm.api.main:71  plants registry ready
2026-08-06T14:02:49  INFO      cdm.api.main:47  CDM API starting — log directory: C:\Users\akshay.patil\OneDrive - TRIDIAGONAL.AI PRIVATE LIMITED\Desktop\TAI_Projects\dev\DecisionOps_dev\p0\data\logs
2026-08-06T14:02:49  INFO      cdm.api.main:55  Object-store container ready: staging-pt
2026-08-06T14:02:52  INFO      cdm.api.main:71  plants registry ready
2026-08-06T15:00:54  INFO      cdm.api.main:47  CDM API starting — log directory: C:\Users\akshay.patil\OneDrive - TRIDIAGONAL.AI PRIVATE LIMITED\Desktop\TAI_Projects\dev\DecisionOps_dev\p0\data\logs
2026-08-06T15:00:54  INFO      cdm.api.main:55  Object-store container ready: staging-pt
2026-08-06T15:00:58  INFO      cdm.api.main:71  plants registry ready
2026-08-06T15:09:44  INFO      cdm.api.main:47  CDM API starting — log directory: C:\Users\akshay.patil\OneDrive - TRIDIAGONAL.AI PRIVATE LIMITED\Desktop\TAI_Projects\dev\DecisionOps_dev\p0\data\logs
2026-08-06T15:09:45  INFO      cdm.api.main:55  Object-store container ready: bronze
2026-08-06T15:09:45  INFO      cdm.api.main:71  plants registry ready
2026-08-06T15:19:07  INFO      cdm.api.main:47  CDM API starting — log directory: C:\Users\akshay.patil\OneDrive - TRIDIAGONAL.AI PRIVATE LIMITED\Desktop\TAI_Projects\dev\DecisionOps_dev\p0\data\logs
2026-08-06T15:19:07  INFO      cdm.api.main:55  Object-store container ready: bronze
2026-08-06T15:19:09  INFO      cdm.api.main:71  plants registry ready
2026-08-06T15:26:05  INFO      cdm.api.main:47  CDM API starting — log directory: C:\Users\akshay.patil\OneDrive - TRIDIAGONAL.AI PRIVATE LIMITED\Desktop\TAI_Projects\dev\DecisionOps_dev\p0\data\logs
2026-08-06T15:26:05  INFO      cdm.api.main:55  Object-store container ready: bronze
2026-08-06T15:26:06  INFO      cdm.api.main:71  plants registry ready
2026-08-06T15:33:59  INFO      cdm.api.main:47  CDM API starting — log directory: C:\Users\akshay.patil\OneDrive - TRIDIAGONAL.AI PRIVATE LIMITED\Desktop\TAI_Projects\dev\DecisionOps_dev\p0\data\logs
2026-08-06T15:33:59  INFO      cdm.api.main:55  Object-store container ready: bronze
2026-08-06T15:34:00  INFO      cdm.api.main:71  plants registry ready
2026-08-06T15:36:11  INFO      cdm.api.main:47  CDM API starting — log directory: C:\Users\akshay.patil\OneDrive - TRIDIAGONAL.AI PRIVATE LIMITED\Desktop\TAI_Projects\dev\DecisionOps_dev\p0\data\logs
2026-08-06T15:36:12  INFO      cdm.api.main:55  Object-store container ready: bronze
2026-08-06T15:36:12  INFO      cdm.api.main:71  plants registry ready
2026-08-06T15:42:59  INFO      cdm.api.main:47  CDM API starting — log directory: C:\Users\akshay.patil\OneDrive - TRIDIAGONAL.AI PRIVATE LIMITED\Desktop\TAI_Projects\dev\DecisionOps_dev\p0\data\logs
2026-08-06T15:42:59  INFO      cdm.api.main:55  Object-store container ready: bronze
2026-08-06T15:43:00  INFO      cdm.api.main:71  plants registry ready
2026-08-06T16:00:41  INFO      cdm.api.main:47  CDM API starting — log directory: C:\Users\akshay.patil\OneDrive - TRIDIAGONAL.AI PRIVATE LIMITED\Desktop\TAI_Projects\dev\DecisionOps_dev\p0\data\logs
2026-08-06T16:00:42  INFO      cdm.api.main:55  Object-store container ready: bronze
2026-08-06T16:00:42  INFO      cdm.api.main:71  plants registry ready
2026-08-06T16:03:03  INFO      cdm.api.main:47  CDM API starting — log directory: C:\Users\akshay.patil\OneDrive - TRIDIAGONAL.AI PRIVATE LIMITED\Desktop\TAI_Projects\dev\DecisionOps_dev\p0\data\logs
2026-08-06T16:03:04  INFO      cdm.api.main:55  Object-store container ready: bronze
2026-08-06T16:03:06  INFO      cdm.api.main:71  plants registry ready
2026-08-06T16:04:11  INFO      cdm.api.main:47  CDM API starting — log directory: C:\Users\akshay.patil\OneDrive - TRIDIAGONAL.AI PRIVATE LIMITED\Desktop\TAI_Projects\dev\DecisionOps_dev\p0\data\logs
2026-08-06T16:04:11  INFO      cdm.api.main:55  Object-store container ready: bronze
2026-08-06T16:04:12  INFO      cdm.api.main:71  plants registry ready
2026-08-06T16:05:02  INFO      cdm.api.main:47  CDM API starting — log directory: C:\Users\akshay.patil\OneDrive - TRIDIAGONAL.AI PRIVATE LIMITED\Desktop\TAI_Projects\dev\DecisionOps_dev\p0\data\logs
2026-08-06T16:05:03  INFO      cdm.api.main:55  Object-store container ready: bronze
2026-08-06T16:05:04  INFO      cdm.api.main:71  plants registry ready
2026-08-06T16:33:52  INFO      cdm.api.main:47  CDM API starting — log directory: C:\Users\akshay.patil\OneDrive - TRIDIAGONAL.AI PRIVATE LIMITED\Desktop\TAI_Projects\dev\DecisionOps_dev\p0\data\logs
2026-08-06T16:33:53  INFO      cdm.api.main:55  Object-store container ready: bronze
2026-08-06T16:33:54  INFO      cdm.api.main:71  plants registry ready
2026-08-07T10:34:51  INFO      cdm.api.main:47  CDM API starting — log directory: C:\Users\akshay.patil\OneDrive - TRIDIAGONAL.AI PRIVATE LIMITED\Desktop\TAI_Projects\dev\DecisionOps_dev\p0\data\logs
2026-08-07T10:34:51  INFO      cdm.api.main:55  Object-store container ready: bronze
2026-08-07T10:34:51  INFO      cdm.api.main:71  plants registry ready
2026-08-07T10:35:32  INFO      cdm.api.main:47  CDM API starting — log directory: C:\Users\akshay.patil\OneDrive - TRIDIAGONAL.AI PRIVATE LIMITED\Desktop\TAI_Projects\dev\DecisionOps_dev\p0\data\logs
2026-08-07T10:35:32  INFO      cdm.api.main:55  Object-store container ready: bronze
2026-08-07T10:35:33  INFO      cdm.api.main:71  plants registry ready
2026-08-07T11:00:59  INFO      cdm.api.main:47  CDM API starting — log directory: C:\Users\akshay.patil\OneDrive - TRIDIAGONAL.AI PRIVATE LIMITED\Desktop\TAI_Projects\dev\DecisionOps_dev\p0\data\logs
2026-08-07T11:00:59  INFO      cdm.api.main:55  Object-store container ready: staging-pt
2026-08-07T11:01:02  INFO      cdm.api.main:71  plants registry ready
2026-08-07T11:01:28  INFO      cdm.api.main:47  CDM API starting — log directory: C:\Users\akshay.patil\OneDrive - TRIDIAGONAL.AI PRIVATE LIMITED\Desktop\TAI_Projects\dev\DecisionOps_dev\p0\data\logs
2026-08-07T11:01:28  INFO      cdm.api.main:55  Object-store container ready: staging-pt
2026-08-07T11:01:31  INFO      cdm.api.main:71  plants registry ready
2026-08-07T14:44:25  INFO      cdm.api.main:47  CDM API starting — log directory: C:\Users\akshay.patil\OneDrive - TRIDIAGONAL.AI PRIVATE LIMITED\Desktop\TAI_Projects\dev\DecisionOps_dev\p0\data\logs
2026-08-07T14:44:26  INFO      cdm.api.main:55  Object-store container ready: staging-pt
2026-08-07T14:44:28  INFO      cdm.api.main:71  plants registry ready
2026-08-07T15:36:57  INFO      cdm.api.main:47  CDM API starting — log directory: C:\Users\akshay.patil\OneDrive - TRIDIAGONAL.AI PRIVATE LIMITED\Desktop\TAI_Projects\dev\DecisionOps_dev\p0\data\logs
2026-08-07T15:36:57  INFO      cdm.api.main:55  Object-store container ready: bronze
2026-08-07T15:36:58  INFO      cdm.api.main:71  plants registry ready
2026-08-07T15:39:06  INFO      cdm.api.main:47  CDM API starting — log directory: C:\Users\akshay.patil\OneDrive - TRIDIAGONAL.AI PRIVATE LIMITED\Desktop\TAI_Projects\dev\DecisionOps_dev\p0\data\logs
2026-08-07T15:39:06  INFO      cdm.api.main:55  Object-store container ready: bronze
2026-08-07T15:39:06  INFO      cdm.api.main:71  plants registry ready
2026-08-07T15:45:07  INFO      cdm.api.main:47  CDM API starting — log directory: C:\Users\akshay.patil\OneDrive - TRIDIAGONAL.AI PRIVATE LIMITED\Desktop\TAI_Projects\dev\DecisionOps_dev\p0\data\logs
2026-08-07T15:45:07  INFO      cdm.api.main:55  Object-store container ready: bronze
2026-08-07T15:45:08  INFO      cdm.api.main:71  plants registry ready
2026-08-07T15:45:24  INFO      cdm.api.main:47  CDM API starting — log directory: C:\Users\akshay.patil\OneDrive - TRIDIAGONAL.AI PRIVATE LIMITED\Desktop\TAI_Projects\dev\DecisionOps_dev\p0\data\logs
2026-08-07T15:45:24  INFO      cdm.api.main:55  Object-store container ready: bronze
2026-08-07T15:45:25  INFO      cdm.api.main:71  plants registry ready
2026-08-07T15:46:33  INFO      cdm.api.main:47  CDM API starting — log directory: C:\Users\akshay.patil\OneDrive - TRIDIAGONAL.AI PRIVATE LIMITED\Desktop\TAI_Projects\dev\DecisionOps_dev\p0\data\logs
2026-08-07T15:46:33  INFO      cdm.api.main:55  Object-store container ready: bronze
2026-08-07T15:46:35  INFO      cdm.api.main:71  plants registry ready
2026-08-07T15:46:59  INFO      cdm.api.main:47  CDM API starting — log directory: C:\Users\akshay.patil\OneDrive - TRIDIAGONAL.AI PRIVATE LIMITED\Desktop\TAI_Projects\dev\DecisionOps_dev\p0\data\logs
2026-08-07T15:46:59  INFO      cdm.api.main:55  Object-store container ready: bronze
2026-08-07T15:46:59  INFO      cdm.api.main:71  plants registry ready
2026-08-07T15:47:59  INFO      cdm.api.main:47  CDM API starting — log directory: C:\Users\akshay.patil\OneDrive - TRIDIAGONAL.AI PRIVATE LIMITED\Desktop\TAI_Projects\dev\DecisionOps_dev\p0\data\logs
2026-08-07T15:47:59  INFO      cdm.api.main:55  Object-store container ready: bronze
2026-08-07T15:47:59  INFO      cdm.api.main:71  plants registry ready
2026-08-07T15:48:59  INFO      cdm.api.main:47  CDM API starting — log directory: C:\Users\akshay.patil\OneDrive - TRIDIAGONAL.AI PRIVATE LIMITED\Desktop\TAI_Projects\dev\DecisionOps_dev\p0\data\logs
2026-08-07T15:48:59  INFO      cdm.api.main:55  Object-store container ready: bronze
2026-08-07T15:48:59  INFO      cdm.api.main:71  plants registry ready
2026-08-07T15:49:15  INFO      cdm.api.main:47  CDM API starting — log directory: C:\Users\akshay.patil\OneDrive - TRIDIAGONAL.AI PRIVATE LIMITED\Desktop\TAI_Projects\dev\DecisionOps_dev\p0\data\logs
2026-08-07T15:49:15  INFO      cdm.api.main:55  Object-store container ready: bronze
2026-08-07T15:49:16  INFO      cdm.api.main:71  plants registry ready
2026-08-07T15:49:37  INFO      cdm.api.main:47  CDM API starting — log directory: C:\Users\akshay.patil\OneDrive - TRIDIAGONAL.AI PRIVATE LIMITED\Desktop\TAI_Projects\dev\DecisionOps_dev\p0\data\logs
2026-08-07T15:49:37  INFO      cdm.api.main:55  Object-store container ready: bronze
2026-08-07T15:49:38  INFO      cdm.api.main:71  plants registry ready
2026-08-07T15:50:07  INFO      cdm.api.main:47  CDM API starting — log directory: C:\Users\akshay.patil\OneDrive - TRIDIAGONAL.AI PRIVATE LIMITED\Desktop\TAI_Projects\dev\DecisionOps_dev\p0\data\logs
2026-08-07T15:50:07  INFO      cdm.api.main:55  Object-store container ready: bronze
2026-08-07T15:50:07  INFO      cdm.api.main:71  plants registry ready
2026-08-07T16:20:51  INFO      cdm.api.main:47  CDM API starting — log directory: C:\Users\akshay.patil\OneDrive - TRIDIAGONAL.AI PRIVATE LIMITED\Desktop\TAI_Projects\dev\DecisionOps_dev\p0\data\logs
2026-08-07T16:20:51  INFO      cdm.api.main:55  Object-store container ready: bronze
2026-08-07T16:20:51  INFO      cdm.api.main:71  plants registry ready
2026-08-07T16:22:51  INFO      cdm.api.main:47  CDM API starting — log directory: C:\Users\akshay.patil\OneDrive - TRIDIAGONAL.AI PRIVATE LIMITED\Desktop\TAI_Projects\dev\DecisionOps_dev\p0\data\logs
2026-08-07T16:22:52  INFO      cdm.api.main:55  Object-store container ready: bronze
2026-08-07T16:22:52  INFO      cdm.api.main:71  plants registry ready
2026-08-07T16:24:39  INFO      cdm.api.main:47  CDM API starting — log directory: C:\Users\akshay.patil\OneDrive - TRIDIAGONAL.AI PRIVATE LIMITED\Desktop\TAI_Projects\dev\DecisionOps_dev\p0\data\logs
2026-08-07T16:24:39  INFO      cdm.api.main:55  Object-store container ready: bronze
2026-08-07T16:24:40  INFO      cdm.api.main:71  plants registry ready
2026-08-07T16:43:07  INFO      cdm.api.main:47  CDM API starting — log directory: C:\Users\akshay.patil\OneDrive - TRIDIAGONAL.AI PRIVATE LIMITED\Desktop\TAI_Projects\dev\DecisionOps_dev\p0\data\logs
2026-08-07T16:43:07  INFO      cdm.api.main:55  Object-store container ready: bronze
2026-08-07T16:43:08  INFO      cdm.api.main:71  plants registry ready
2026-08-07T16:47:48  INFO      cdm.api.main:47  CDM API starting — log directory: C:\Users\akshay.patil\OneDrive - TRIDIAGONAL.AI PRIVATE LIMITED\Desktop\TAI_Projects\dev\DecisionOps_dev\p0\data\logs
2026-08-07T16:47:49  INFO      cdm.api.main:55  Object-store container ready: bronze
2026-08-07T16:47:50  INFO      cdm.api.main:71  plants registry ready
2026-08-07T16:51:58  INFO      cdm.api.main:47  CDM API starting — log directory: C:\Users\akshay.patil\OneDrive - TRIDIAGONAL.AI PRIVATE LIMITED\Desktop\TAI_Projects\dev\DecisionOps_dev\p0\data\logs
2026-08-07T16:52:00  INFO      cdm.api.main:55  Object-store container ready: bronze
2026-08-07T16:52:01  INFO      cdm.api.main:71  plants registry ready
2026-08-07T16:53:34  INFO      cdm.api.main:47  CDM API starting — log directory: C:\Users\akshay.patil\OneDrive - TRIDIAGONAL.AI PRIVATE LIMITED\Desktop\TAI_Projects\dev\DecisionOps_dev\p0\data\logs
2026-08-07T16:53:35  INFO      cdm.api.main:55  Object-store container ready: bronze
2026-08-07T16:53:36  INFO      cdm.api.main:71  plants registry ready
2026-08-07T17:43:55  INFO      cdm.api.main:47  CDM API starting — log directory: C:\Users\akshay.patil\OneDrive - TRIDIAGONAL.AI PRIVATE LIMITED\Desktop\TAI_Projects\dev\DecisionOps_dev\p0\data\logs
2026-08-07T17:43:55  INFO      cdm.api.main:55  Object-store container ready: bronze
2026-08-07T17:43:55  INFO      cdm.api.main:71  plants registry ready
2026-08-07T17:44:51  INFO      cdm.api.main:47  CDM API starting — log directory: C:\Users\akshay.patil\OneDrive - TRIDIAGONAL.AI PRIVATE LIMITED\Desktop\TAI_Projects\dev\DecisionOps_dev\p0\data\logs
2026-08-07T17:44:52  INFO      cdm.api.main:55  Object-store container ready: bronze
2026-08-07T17:44:52  INFO      cdm.api.main:71  plants registry ready
2026-08-07T18:01:19  INFO      cdm.api.main:47  CDM API starting — log directory: C:\Users\akshay.patil\OneDrive - TRIDIAGONAL.AI PRIVATE LIMITED\Desktop\TAI_Projects\dev\DecisionOps_dev\p0\data\logs
2026-08-07T18:01:19  INFO      cdm.api.main:55  Object-store container ready: bronze
2026-08-07T18:01:20  INFO      cdm.api.main:71  plants registry ready
2026-08-07T18:02:08  INFO      cdm.api.main:47  CDM API starting — log directory: C:\Users\akshay.patil\OneDrive - TRIDIAGONAL.AI PRIVATE LIMITED\Desktop\TAI_Projects\dev\DecisionOps_dev\p0\data\logs
2026-08-07T18:02:08  INFO      cdm.api.main:55  Object-store container ready: bronze
2026-08-07T18:02:08  INFO      cdm.api.main:71  plants registry ready
2026-08-07T18:02:52  INFO      cdm.api.main:47  CDM API starting — log directory: C:\Users\akshay.patil\OneDrive - TRIDIAGONAL.AI PRIVATE LIMITED\Desktop\TAI_Projects\dev\DecisionOps_dev\p0\data\logs
2026-08-07T18:02:52  INFO      cdm.api.main:55  Object-store container ready: bronze
2026-08-07T18:02:53  INFO      cdm.api.main:71  plants registry ready
2026-08-07T18:05:47  INFO      cdm.api.main:47  CDM API starting — log directory: C:\Users\akshay.patil\OneDrive - TRIDIAGONAL.AI PRIVATE LIMITED\Desktop\TAI_Projects\dev\DecisionOps_dev\p0\data\logs
2026-08-07T18:05:47  INFO      cdm.api.main:55  Object-store container ready: bronze
2026-08-07T18:05:48  INFO      cdm.api.main:71  plants registry ready
2026-08-07T18:06:13  INFO      cdm.api.main:47  CDM API starting — log directory: C:\Users\akshay.patil\OneDrive - TRIDIAGONAL.AI PRIVATE LIMITED\Desktop\TAI_Projects\dev\DecisionOps_dev\p0\data\logs
2026-08-07T18:06:14  INFO      cdm.api.main:55  Object-store container ready: bronze
2026-08-07T18:06:14  INFO      cdm.api.main:71  plants registry ready
2026-08-07T18:15:50  INFO      cdm.api.main:47  CDM API starting — log directory: C:\Users\akshay.patil\OneDrive - TRIDIAGONAL.AI PRIVATE LIMITED\Desktop\TAI_Projects\dev\DecisionOps_dev\p0\data\logs
2026-08-07T18:15:51  INFO      cdm.api.main:55  Object-store container ready: bronze
2026-08-07T18:15:51  INFO      cdm.api.main:71  plants registry ready
2026-08-10T10:44:49  INFO      cdm.api.main:47  CDM API starting — log directory: C:\Users\akshay.patil\OneDrive - TRIDIAGONAL.AI PRIVATE LIMITED\Desktop\TAI_Projects\dev\DecisionOps_dev\p0\data\logs
2026-08-10T10:44:50  INFO      cdm.api.main:55  Object-store container ready: staging-pt
2026-08-10T10:44:53  INFO      cdm.api.main:71  plants registry ready
2026-08-10T10:46:03  INFO      cdm.api.main:47  CDM API starting — log directory: C:\Users\akshay.patil\OneDrive - TRIDIAGONAL.AI PRIVATE LIMITED\Desktop\TAI_Projects\dev\DecisionOps_dev\p0\data\logs
2026-08-10T10:46:03  INFO      cdm.api.main:55  Object-store container ready: staging-pt
2026-08-10T10:46:06  INFO      cdm.api.main:71  plants registry ready
2026-08-10T11:24:34  INFO      cdm.api.main:47  CDM API starting — log directory: C:\Users\akshay.patil\OneDrive - TRIDIAGONAL.AI PRIVATE LIMITED\Desktop\TAI_Projects\dev\DecisionOps_dev\p0\data\logs
2026-08-10T11:24:34  INFO      cdm.api.main:55  Object-store container ready: staging-pt
2026-08-10T11:24:36  INFO      cdm.api.main:71  plants registry ready
2026-08-10T12:10:42  INFO      cdm.api.main:47  CDM API starting — log directory: C:\Users\akshay.patil\OneDrive - TRIDIAGONAL.AI PRIVATE LIMITED\Desktop\TAI_Projects\dev\DecisionOps_dev\p0\data\logs
2026-08-10T12:10:42  INFO      cdm.api.main:55  Object-store container ready: bronze
2026-08-10T12:10:43  INFO      cdm.api.main:71  plants registry ready
2026-08-10T12:13:49  INFO      cdm.api.main:47  CDM API starting — log directory: C:\Users\akshay.patil\OneDrive - TRIDIAGONAL.AI PRIVATE LIMITED\Desktop\TAI_Projects\dev\DecisionOps_dev\p0\data\logs
2026-08-10T12:13:50  INFO      cdm.api.main:55  Object-store container ready: staging-pt
2026-08-10T12:13:53  INFO      cdm.api.main:71  plants registry ready
2026-08-10T12:22:11  INFO      cdm.api.main:47  CDM API starting — log directory: C:\Users\akshay.patil\OneDrive - TRIDIAGONAL.AI PRIVATE LIMITED\Desktop\TAI_Projects\dev\DecisionOps_dev\p0\data\logs
2026-08-10T12:22:11  INFO      cdm.api.main:55  Object-store container ready: bronze
2026-08-10T12:22:12  INFO      cdm.api.main:71  plants registry ready
2026-08-10T12:41:52  INFO      cdm.api.main:47  CDM API starting — log directory: C:\Users\akshay.patil\OneDrive - TRIDIAGONAL.AI PRIVATE LIMITED\Desktop\TAI_Projects\dev\DecisionOps_dev\p0\data\logs
2026-08-10T12:41:54  INFO      cdm.api.main:55  Object-store container ready: bronze
2026-08-10T12:41:55  INFO      cdm.api.main:71  plants registry ready
2026-08-10T13:19:49  INFO      cdm.api.main:47  CDM API starting — log directory: C:\Users\akshay.patil\OneDrive - TRIDIAGONAL.AI PRIVATE LIMITED\Desktop\TAI_Projects\dev\DecisionOps_dev\p0\data\logs
2026-08-10T13:19:50  INFO      cdm.api.main:55  Object-store container ready: bronze
2026-08-10T13:19:51  INFO      cdm.api.main:71  plants registry ready
2026-08-11T11:14:59  INFO      cdm.api.main:47  CDM API starting — log directory: C:\Users\akshay.patil\OneDrive - TRIDIAGONAL.AI PRIVATE LIMITED\Desktop\TAI_Projects\dev\DecisionOps_dev\p0\data\logs
2026-08-11T11:15:00  INFO      cdm.api.main:55  Object-store container ready: bronze
2026-08-11T11:15:01  INFO      cdm.api.main:71  plants registry ready
2026-08-11T11:23:16  INFO      p0.plants:843  [plants] created database: decisionops_rr1
2026-08-11T11:23:31  INFO      p0.plants:857  [plants] CDM schema applied + plant row seeded in decisionops_rr1
2026-08-11T11:23:31  INFO      p0.plants:370  [plants] added: RR1 -> decisionops_rr1 (by=V8PiUotGpYXaYpo37modtYg7CMG2cNWRC6437-OxTfA)
2026-08-11T11:39:32  INFO      cdm.api.main:47  CDM API starting — log directory: C:\Users\akshay.patil\OneDrive - TRIDIAGONAL.AI PRIVATE LIMITED\Desktop\TAI_Projects\dev\DecisionOps_dev\p0\data\logs
2026-08-11T11:39:33  INFO      cdm.api.main:55  Object-store container ready: staging-pt
2026-08-11T11:39:40  INFO      cdm.api.main:71  plants registry ready
2026-08-11T15:02:39  INFO      cdm.api.main:47  CDM API starting — log directory: C:\Users\akshay.patil\OneDrive - TRIDIAGONAL.AI PRIVATE LIMITED\Desktop\TAI_Projects\dev\DecisionOps_dev\p0\data\logs
2026-08-11T15:02:39  INFO      cdm.api.main:55  Object-store container ready: staging-pt
2026-08-11T15:02:40  INFO      cdm.api.main:71  plants registry ready
2026-08-11T15:07:50  INFO      cdm.api.main:47  CDM API starting — log directory: C:\Users\akshay.patil\OneDrive - TRIDIAGONAL.AI PRIVATE LIMITED\Desktop\TAI_Projects\dev\DecisionOps_dev\p0\data\logs
2026-08-11T15:07:50  INFO      cdm.api.main:55  Object-store container ready: staging-pt
2026-08-11T15:07:51  INFO      cdm.api.main:71  plants registry ready
2026-08-11T15:13:16  INFO      cdm.api.main:47  CDM API starting — log directory: C:\Users\akshay.patil\OneDrive - TRIDIAGONAL.AI PRIVATE LIMITED\Desktop\TAI_Projects\dev\DecisionOps_dev\p0\data\logs
2026-08-11T15:13:16  INFO      cdm.api.main:55  Object-store container ready: staging-pt
2026-08-11T15:13:20  INFO      cdm.api.main:71  plants registry ready
2026-08-11T15:15:49  INFO      cdm.api.main:47  CDM API starting — log directory: C:\Users\akshay.patil\OneDrive - TRIDIAGONAL.AI PRIVATE LIMITED\Desktop\TAI_Projects\dev\DecisionOps_dev\p0\data\logs
2026-08-11T15:15:50  INFO      cdm.api.main:55  Object-store container ready: staging-pt
2026-08-11T15:15:54  INFO      cdm.api.main:71  plants registry ready
2026-08-11T15:29:11  INFO      cdm.api.main:47  CDM API starting — log directory: C:\Users\akshay.patil\OneDrive - TRIDIAGONAL.AI PRIVATE LIMITED\Desktop\TAI_Projects\dev\DecisionOps_dev\p0\data\logs
2026-08-11T15:29:11  INFO      cdm.api.main:55  Object-store container ready: staging-pt
2026-08-11T15:29:26  INFO      cdm.api.main:71  plants registry ready
2026-08-11T17:33:06  INFO      cdm.api.main:47  CDM API starting — log directory: C:\Users\akshay.patil\OneDrive - TRIDIAGONAL.AI PRIVATE LIMITED\Desktop\TAI_Projects\dev\DecisionOps_dev\p0\data\logs
2026-08-11T17:33:07  INFO      cdm.api.main:55  Object-store container ready: staging-pt
2026-08-11T17:33:09  INFO      cdm.api.main:71  plants registry ready
2026-08-11T17:34:57  INFO      cdm.api.main:47  CDM API starting — log directory: C:\Users\akshay.patil\OneDrive - TRIDIAGONAL.AI PRIVATE LIMITED\Desktop\TAI_Projects\dev\DecisionOps_dev\p0\data\logs
2026-08-11T17:34:58  INFO      cdm.api.main:55  Object-store container ready: staging-pt
2026-08-11T17:34:59  INFO      cdm.api.main:71  plants registry ready
2026-08-12T10:19:01  INFO      cdm.api.main:47  CDM API starting — log directory: C:\Users\akshay.patil\OneDrive - TRIDIAGONAL.AI PRIVATE LIMITED\Desktop\TAI_Projects\dev\DecisionOps_dev\p0\data\logs
2026-08-12T10:19:01  INFO      cdm.api.main:55  Object-store container ready: staging-pt
2026-08-12T10:19:06  INFO      cdm.api.main:71  plants registry ready
2026-08-12T10:56:04  INFO      cdm.api.main:47  CDM API starting — log directory: C:\Users\akshay.patil\OneDrive - TRIDIAGONAL.AI PRIVATE LIMITED\Desktop\TAI_Projects\dev\DecisionOps_dev\p0\data\logs
2026-08-12T10:56:05  INFO      cdm.api.main:55  Object-store container ready: staging-pt
2026-08-12T10:56:28  INFO      cdm.api.main:71  plants registry ready
2026-08-12T10:56:57  INFO      cdm.api.main:47  CDM API starting — log directory: C:\Users\akshay.patil\OneDrive - TRIDIAGONAL.AI PRIVATE LIMITED\Desktop\TAI_Projects\dev\DecisionOps_dev\p0\data\logs
2026-08-12T10:56:58  INFO      cdm.api.main:55  Object-store container ready: staging-pt
2026-08-12T10:57:25  INFO      cdm.api.main:71  plants registry ready
2026-08-12T10:58:06  INFO      cdm.api.main:47  CDM API starting — log directory: C:\Users\akshay.patil\OneDrive - TRIDIAGONAL.AI PRIVATE LIMITED\Desktop\TAI_Projects\dev\DecisionOps_dev\p0\data\logs
2026-08-12T10:58:07  INFO      cdm.api.main:55  Object-store container ready: staging-pt
2026-08-12T10:58:24  INFO      cdm.api.main:71  plants registry ready
2026-08-12T10:59:36  INFO      cdm.api.main:47  CDM API starting — log directory: C:\Users\akshay.patil\OneDrive - TRIDIAGONAL.AI PRIVATE LIMITED\Desktop\TAI_Projects\dev\DecisionOps_dev\p0\data\logs
2026-08-12T10:59:36  INFO      cdm.api.main:55  Object-store container ready: staging-pt
2026-08-12T10:59:50  INFO      cdm.api.main:71  plants registry ready
2026-08-12T11:00:52  INFO      cdm.api.main:47  CDM API starting — log directory: C:\Users\akshay.patil\OneDrive - TRIDIAGONAL.AI PRIVATE LIMITED\Desktop\TAI_Projects\dev\DecisionOps_dev\p0\data\logs
2026-08-12T11:00:52  INFO      cdm.api.main:55  Object-store container ready: staging-pt
2026-08-12T11:00:57  INFO      cdm.api.main:71  plants registry ready
2026-08-12T11:20:26  INFO      cdm.api.main:47  CDM API starting — log directory: C:\Users\akshay.patil\OneDrive - TRIDIAGONAL.AI PRIVATE LIMITED\Desktop\TAI_Projects\dev\DecisionOps_dev\p0\data\logs
2026-08-12T11:20:26  INFO      cdm.api.main:55  Object-store container ready: staging-pt
2026-08-12T11:20:29  INFO      cdm.api.main:71  plants registry ready
2026-08-12T14:04:20  INFO      cdm.api.main:47  CDM API starting — log directory: C:\Users\akshay.patil\OneDrive - TRIDIAGONAL.AI PRIVATE LIMITED\Desktop\TAI_Projects\dev\DecisionOps_dev\p0\data\logs
2026-08-12T14:04:21  INFO      cdm.api.main:55  Object-store container ready: staging-pt
2026-08-12T14:04:24  INFO      cdm.api.main:71  plants registry ready
2026-08-12T15:50:46  INFO      cdm.api.main:47  CDM API starting — log directory: C:\Users\akshay.patil\OneDrive - TRIDIAGONAL.AI PRIVATE LIMITED\Desktop\TAI_Projects\dev\DecisionOps_dev\p0\data\logs
2026-08-12T15:50:46  INFO      cdm.api.main:55  Object-store container ready: staging-pt
2026-08-12T15:50:51  INFO      cdm.api.main:71  plants registry ready
2026-08-12T15:51:56  INFO      cdm.api.main:47  CDM API starting — log directory: C:\Users\akshay.patil\OneDrive - TRIDIAGONAL.AI PRIVATE LIMITED\Desktop\TAI_Projects\dev\DecisionOps_dev\p0\data\logs
2026-08-12T15:51:56  INFO      cdm.api.main:55  Object-store container ready: staging-pt
2026-08-12T15:52:02  INFO      cdm.api.main:71  plants registry ready
2026-08-12T15:53:05  INFO      cdm.api.main:47  CDM API starting — log directory: C:\Users\akshay.patil\OneDrive - TRIDIAGONAL.AI PRIVATE LIMITED\Desktop\TAI_Projects\dev\DecisionOps_dev\p0\data\logs
2026-08-12T15:53:05  INFO      cdm.api.main:55  Object-store container ready: staging-pt
2026-08-12T15:53:09  INFO      cdm.api.main:71  plants registry ready
2026-08-12T15:53:46  INFO      cdm.api.main:47  CDM API starting — log directory: C:\Users\akshay.patil\OneDrive - TRIDIAGONAL.AI PRIVATE LIMITED\Desktop\TAI_Projects\dev\DecisionOps_dev\p0\data\logs
2026-08-12T15:53:47  INFO      cdm.api.main:55  Object-store container ready: staging-pt
2026-08-12T15:53:50  INFO      cdm.api.main:71  plants registry ready
2026-08-12T15:54:13  INFO      cdm.api.main:47  CDM API starting — log directory: C:\Users\akshay.patil\OneDrive - TRIDIAGONAL.AI PRIVATE LIMITED\Desktop\TAI_Projects\dev\DecisionOps_dev\p0\data\logs
2026-08-12T15:54:13  INFO      cdm.api.main:55  Object-store container ready: staging-pt
2026-08-12T15:54:18  INFO      cdm.api.main:71  plants registry ready
2026-08-12T15:54:57  INFO      cdm.api.main:47  CDM API starting — log directory: C:\Users\akshay.patil\OneDrive - TRIDIAGONAL.AI PRIVATE LIMITED\Desktop\TAI_Projects\dev\DecisionOps_dev\p0\data\logs
2026-08-12T15:54:57  INFO      cdm.api.main:55  Object-store container ready: staging-pt
2026-08-12T15:55:04  INFO      cdm.api.main:71  plants registry ready
2026-08-12T15:55:15  INFO      cdm.api.main:47  CDM API starting — log directory: C:\Users\akshay.patil\OneDrive - TRIDIAGONAL.AI PRIVATE LIMITED\Desktop\TAI_Projects\dev\DecisionOps_dev\p0\data\logs
2026-08-12T15:55:16  INFO      cdm.api.main:55  Object-store container ready: staging-pt
2026-08-12T15:55:23  INFO      cdm.api.main:71  plants registry ready
2026-08-12T15:55:24  INFO      cdm.api.main:47  CDM API starting — log directory: C:\Users\akshay.patil\OneDrive - TRIDIAGONAL.AI PRIVATE LIMITED\Desktop\TAI_Projects\dev\DecisionOps_dev\p0\data\logs
2026-08-12T15:55:25  INFO      cdm.api.main:55  Object-store container ready: staging-pt
2026-08-12T15:55:33  INFO      cdm.api.main:71  plants registry ready
2026-08-12T15:55:58  INFO      cdm.api.main:47  CDM API starting — log directory: C:\Users\akshay.patil\OneDrive - TRIDIAGONAL.AI PRIVATE LIMITED\Desktop\TAI_Projects\dev\DecisionOps_dev\p0\data\logs
2026-08-12T15:55:58  INFO      cdm.api.main:55  Object-store container ready: staging-pt
2026-08-12T15:56:03  INFO      cdm.api.main:71  plants registry ready
2026-08-12T16:00:04  INFO      cdm.api.main:47  CDM API starting — log directory: C:\Users\akshay.patil\OneDrive - TRIDIAGONAL.AI PRIVATE LIMITED\Desktop\TAI_Projects\dev\DecisionOps_dev\p0\data\logs
2026-08-12T16:00:04  INFO      cdm.api.main:55  Object-store container ready: staging-pt
2026-08-12T16:00:08  INFO      cdm.api.main:71  plants registry ready
2026-08-12T16:19:56  INFO      cdm.api.main:47  CDM API starting — log directory: C:\Users\akshay.patil\OneDrive - TRIDIAGONAL.AI PRIVATE LIMITED\Desktop\TAI_Projects\dev\DecisionOps_dev\p0\data\logs
2026-08-12T16:19:56  INFO      cdm.api.main:55  Object-store container ready: staging-pt
2026-08-12T16:20:00  INFO      cdm.api.main:71  plants registry ready
2026-08-12T16:21:46  INFO      cdm.api.main:47  CDM API starting — log directory: C:\Users\akshay.patil\OneDrive - TRIDIAGONAL.AI PRIVATE LIMITED\Desktop\TAI_Projects\dev\DecisionOps_dev\p0\data\logs
2026-08-12T16:21:46  INFO      cdm.api.main:55  Object-store container ready: staging-pt
2026-08-12T16:21:49  INFO      cdm.api.main:71  plants registry ready
2026-08-12T16:26:06  INFO      cdm.api.main:47  CDM API starting — log directory: C:\Users\akshay.patil\OneDrive - TRIDIAGONAL.AI PRIVATE LIMITED\Desktop\TAI_Projects\dev\DecisionOps_dev\p0\data\logs
2026-08-12T16:26:06  INFO      cdm.api.main:55  Object-store container ready: staging-pt
2026-08-12T16:26:09  INFO      cdm.api.main:71  plants registry ready
2026-08-12T17:59:20  INFO      cdm.api.main:47  CDM API starting — log directory: C:\Users\akshay.patil\OneDrive - TRIDIAGONAL.AI PRIVATE LIMITED\Desktop\TAI_Projects\dev\DecisionOps_dev\p0\data\logs
2026-08-12T17:59:22  INFO      cdm.api.main:55  Object-store container ready: staging-pt
2026-08-12T17:59:24  INFO      cdm.api.main:71  plants registry ready
2026-08-12T18:00:47  INFO      cdm.api.main:47  CDM API starting — log directory: C:\Users\akshay.patil\OneDrive - TRIDIAGONAL.AI PRIVATE LIMITED\Desktop\TAI_Projects\dev\DecisionOps_dev\p0\data\logs
2026-08-12T18:00:47  INFO      cdm.api.main:55  Object-store container ready: staging-pt
2026-08-12T18:00:49  INFO      cdm.api.main:71  plants registry ready
2026-08-12T19:08:59  INFO      cdm.api.main:47  CDM API starting — log directory: C:\Users\akshay.patil\OneDrive - TRIDIAGONAL.AI PRIVATE LIMITED\Desktop\TAI_Projects\dev\DecisionOps_dev\p0\data\logs
2026-08-12T19:09:00  INFO      cdm.api.main:55  Object-store container ready: staging-pt
2026-08-12T19:09:02  INFO      cdm.api.main:71  plants registry ready
2026-08-12T19:11:05  INFO      cdm.api.main:47  CDM API starting — log directory: C:\Users\akshay.patil\OneDrive - TRIDIAGONAL.AI PRIVATE LIMITED\Desktop\TAI_Projects\dev\DecisionOps_dev\p0\data\logs
2026-08-12T19:11:06  INFO      cdm.api.main:55  Object-store container ready: staging-pt
2026-08-12T19:11:08  INFO      cdm.api.main:71  plants registry ready
2026-08-12T19:14:26  INFO      cdm.api.main:47  CDM API starting — log directory: C:\Users\akshay.patil\OneDrive - TRIDIAGONAL.AI PRIVATE LIMITED\Desktop\TAI_Projects\dev\DecisionOps_dev\p0\data\logs
2026-08-12T19:14:26  INFO      cdm.api.main:55  Object-store container ready: staging-pt
2026-08-12T19:14:28  INFO      cdm.api.main:71  plants registry ready
2026-08-12T19:17:05  INFO      cdm.api.main:47  CDM API starting — log directory: C:\Users\akshay.patil\OneDrive - TRIDIAGONAL.AI PRIVATE LIMITED\Desktop\TAI_Projects\dev\DecisionOps_dev\p0\data\logs
2026-08-12T19:17:05  INFO      cdm.api.main:55  Object-store container ready: staging-pt
2026-08-12T19:17:07  INFO      cdm.api.main:71  plants registry ready
2026-08-12T19:18:08  INFO      cdm.api.main:47  CDM API starting — log directory: C:\Users\akshay.patil\OneDrive - TRIDIAGONAL.AI PRIVATE LIMITED\Desktop\TAI_Projects\dev\DecisionOps_dev\p0\data\logs
2026-08-12T19:18:09  INFO      cdm.api.main:55  Object-store container ready: staging-pt
2026-08-12T19:18:10  INFO      cdm.api.main:71  plants registry ready
2026-08-13T00:51:01  INFO      cdm.api.main:47  CDM API starting — log directory: C:\Users\akshay.patil\OneDrive - TRIDIAGONAL.AI PRIVATE LIMITED\Desktop\TAI_Projects\dev\DecisionOps_dev\p0\data\logs
2026-08-13T00:51:01  INFO      cdm.api.main:55  Object-store container ready: staging-pt
2026-08-13T00:51:05  INFO      cdm.api.main:71  plants registry ready
2026-08-13T10:44:25  INFO      cdm.api.main:47  CDM API starting — log directory: C:\Users\akshay.patil\OneDrive - TRIDIAGONAL.AI PRIVATE LIMITED\Desktop\TAI_Projects\dev\DecisionOps_dev\p0\data\logs
2026-08-13T10:44:26  INFO      cdm.api.main:55  Object-store container ready: staging-pt
2026-08-13T10:44:31  INFO      cdm.api.main:71  plants registry ready
2026-08-13T10:57:20  INFO      cdm.api.main:47  CDM API starting — log directory: C:\Users\akshay.patil\OneDrive - TRIDIAGONAL.AI PRIVATE LIMITED\Desktop\TAI_Projects\dev\DecisionOps_dev\p0\data\logs
2026-08-13T10:57:20  INFO      cdm.api.main:55  Object-store container ready: staging-pt
2026-08-13T10:57:25  INFO      cdm.api.main:71  plants registry ready
2026-08-13T12:40:03  INFO      cdm.api.main:47  CDM API starting — log directory: C:\Users\akshay.patil\OneDrive - TRIDIAGONAL.AI PRIVATE LIMITED\Desktop\TAI_Projects\dev\DecisionOps_dev\p0\data\logs
2026-08-13T12:40:04  INFO      cdm.api.main:55  Object-store container ready: staging-pt
2026-08-13T12:40:13  INFO      cdm.api.main:71  plants registry ready
2026-08-13T12:49:46  INFO      cdm.api.main:47  CDM API starting — log directory: C:\Users\akshay.patil\OneDrive - TRIDIAGONAL.AI PRIVATE LIMITED\Desktop\TAI_Projects\dev\DecisionOps_dev\p0\data\logs
2026-08-13T12:49:46  INFO      cdm.api.main:55  Object-store container ready: staging-pt
2026-08-13T12:49:56  INFO      cdm.api.main:71  plants registry ready
2026-08-13T12:49:57  INFO      p0.plants:884  [plants] dropped database: decisionops_plant_1_testcase
2026-08-13T12:49:58  INFO      p0.plants:843  [plants] created database: decisionops_plant_1_testcase
2026-08-13T12:50:13  INFO      p0.plants:857  [plants] CDM schema applied + plant row seeded in decisionops_plant_1_testcase
2026-08-13T12:50:22  WARNING   cdm.connector.timeseries:77  [ts/ingest] degenerate device stem from '___.csv' — using 'file'
2026-08-13T12:50:22  WARNING   cdm.connector.timeseries:77  [ts/ingest] degenerate device stem from '已经.csv' — using 'file_abcd1234'
2026-08-13T12:50:22  WARNING   cdm.api.context:299  [db/write] document_metadata row rejected: simulated row failure on doc 2
2026-08-13T12:50:22  WARNING   cdm.api.context:305  [db/write] document_metadata: 1 row(s) rejected, 2 committed
2026-08-13T12:50:22  WARNING   cdm.api.context:192  [context/docs/commit] DEPRECATED bare-list body — send {plant_code_id, rows[, upload_batch_id]} instead.
2026-08-13T12:50:22  INFO      p0.api.routers.context:1397  [context/docs/commit] POST /docs/commit — plant_code_id=CDM  upload_batch_id=(none)  body rows: 1
2026-08-13T12:50:22  INFO      p0.api.routers.context:1505  [context/docs/commit] document_metadata: 1 rows written
2026-08-13T12:50:23  INFO      p0.api.routers.context:1518  [context/docs/commit] COMMIT COMPLETE — total=1
2026-08-13T12:50:23  WARNING   p0.audit:47  [audit] write failed: 400: {'success': False, 'message': "plant_code_id 'CDM' is not registered", 'errors': [{'field': 'plant_code_id', 'message': "plant_code_id 'CDM' is not registered"}]}
2026-08-13T12:50:23  WARNING   p0.flow:456  [flow] list_flow failed: 400: {'success': False, 'message': "plant_code_id 'CDM' is not registered", 'errors': [{'field': 'plant_code_id', 'message': "plant_code_id 'CDM' is not registered"}]}
2026-08-13T12:50:24  INFO      cdm.connector.documents:101  [docs/upload] persisted doc-type config: my_custom_logs → 3 field(s) (template=0, incoming=3, merged union)
2026-08-13T12:50:24  INFO      cdm.connector.documents:101  [docs/upload] persisted doc-type config: custom_jsa → 3 field(s) (template=0, incoming=3, merged union)
2026-08-13T12:50:24  INFO      cdm.connector.documents:101  [docs/upload] persisted doc-type config: custom_a → 1 field(s) (template=0, incoming=1, merged union)
2026-08-13T12:50:24  INFO      cdm.connector.documents:101  [docs/upload] persisted doc-type config: custom_b → 1 field(s) (template=0, incoming=1, merged union)
2026-08-13T12:50:24  INFO      cdm.connector.documents:101  [docs/upload] persisted doc-type config: hazop → 8 field(s) (template=8, incoming=0, merged union)
2026-08-13T12:50:24  INFO      cdm.connector.documents:101  [docs/upload] persisted doc-type config: hazop → 9 field(s) (template=8, incoming=2, merged union)
2026-08-13T12:50:24  INFO      cdm.connector.documents:101  [docs/upload] persisted doc-type config: equipment_datasheets → 8 field(s) (template=8, incoming=1, merged union)
2026-08-13T12:50:32  DEBUG     cdm.connector.pnid:256  [pnid/existing] GET — listing files under s3://staging-pt/p0/staging-pt/plant_1_testcase/pnid
2026-08-13T12:50:37  INFO      p0.api.routers.context:401  [context/pnid] GET /pnid — plant=plant_1_testcase  upload_batch_id=(none)
2026-08-13T12:50:37  DEBUG     p0.api.routers.context:413  [context/pnid] RustFS paths: ep=s3://staging-pt/p0/processed_data/plant_1_testcase/pnid/equipment_pid.parquet  ec=s3://staging-pt/p0/processed_data/plant_1_testcase/pnid/equipment_connectivity.parquet
2026-08-13T12:50:38  WARNING   cdm.api.context:47  [rustfs] parquet read failed for s3://staging-pt/p0/processed_data/plant_1_testcase/pnid/equipment_pid.parquet: staging-pt/p0/processed_data/plant_1_testcase/pnid/equipment_pid.parquet
2026-08-13T12:50:38  WARNING   cdm.api.context:47  [rustfs] parquet read failed for s3://staging-pt/p0/processed_data/plant_1_testcase/pnid/equipment_connectivity.parquet: staging-pt/p0/processed_data/plant_1_testcase/pnid/equipment_connectivity.parquet
2026-08-13T12:50:38  DEBUG     p0.api.routers.context:437  [context/pnid] processed_data empty — falling back to canonical out_dir
2026-08-13T12:50:40  WARNING   cdm.api.context:81  [context/pnid] rustfs staging listing failed: staging-pt/p0/staging-pt/plant_1_testcase/pnid
2026-08-13T12:50:40  DEBUG     p0.api.routers.context:463  [context/pnid] pnid_images listed: 0
2026-08-13T12:50:40  INFO      p0.api.routers.context:533  [context/pnid] returning: equipment_pid=0  equipment_connectivity=0  images=0  scope=none
2026-08-13T12:50:40  INFO      p0.api.routers.context:1273  [context/docs] GET /docs — plant=plant_1_testcase  upload_batch_id=(none)  doc_types=(all)
2026-08-13T12:50:41  DEBUG     p0.api.routers.context:1288  [context/docs] processed_data empty — falling back to canonical out_dir
2026-08-13T12:50:42  INFO      p0.api.routers.context:1342  [context/docs] returning 0 rows  categories=0  scope=none
2026-08-13T12:50:42  INFO      p0.api.routers.context:1605  [context/ts] GET /ts — plant=plant_1_testcase  upload_batch_id=(none)  source_file=(none)
2026-08-13T12:50:43  WARNING   cdm.api.context:47  [rustfs] parquet read failed for s3://staging-pt/p0/processed_data/plant_1_testcase/timeseries/ts_timeseries_metadata.parquet: staging-pt/p0/processed_data/plant_1_testcase/timeseries/ts_timeseries_metadata.parquet
2026-08-13T12:50:43  DEBUG     p0.api.routers.context:1633  [context/ts] RustFS empty/missing, trying local OUT_DIR
2026-08-13T12:50:50  WARNING   p0.audit:285  [audit] list_commits failed: 400: {'success': False, 'message': "plant_code_id '   ' is not registered", 'errors': [{'field': 'plant_code_id', 'message': "plant_code_id '   ' is not registered"}]}
2026-08-13T12:50:50  WARNING   p0.audit:285  [audit] list_commits failed: 400: {'success': False, 'message': "plant_code_id '   ' is not registered", 'errors': [{'field': 'plant_code_id', 'message': "plant_code_id '   ' is not registered"}]}
2026-08-13T12:51:02  INFO      p0.plants:843  [plants] created database: decisionops_e2e_95b004da_testcase
2026-08-13T12:51:21  INFO      p0.plants:857  [plants] CDM schema applied + plant row seeded in decisionops_e2e_95b004da_testcase
2026-08-13T12:51:21  INFO      p0.plants:370  [plants] added: e2e_95b004da_testcase -> decisionops_e2e_95b004da_testcase (by=test@example.com)
2026-08-13T12:51:22  INFO      cdm.connector.pnid:328  [pnid/upload] POST — 1 file(s) received  job_id=b879df29-3205-47c0-bf33-7256862c3de9  plant_code_id=e2e_95b004da_testcase
2026-08-13T12:51:23  DEBUG     cdm.connector.pnid:384  [pnid/upload] uploaded e2e_pid.pdf → RustFS:staging-pt/p0/staging-pt/e2e_95b004da_testcase/pnid/e2e_pid.pdf  (794 B)
2026-08-13T12:51:24  INFO      cdm.connector.pnid:431  [pnid/upload] accepted=1  rejected=0  RustFS=s3://staging-pt/p0/staging-pt/e2e_95b004da_testcase/pnid
2026-08-13T12:51:24  INFO      cdm.connector.sap:1289  [sap/upload] POST — 1 file(s) received  job_id=428bdd49-f0ba-4dc1-91ed-08b60b5df181  rustfs=s3://staging-pt/p0/staging-pt/e2e_95b004da_testcase/sap
2026-08-13T12:51:25  INFO      cdm.connector.sap:1333  [sap/upload] UPLOADED e2e_sap.xlsx (4.9 KB) → s3://staging-pt/p0/staging-pt/e2e_95b004da_testcase/sap/e2e_sap.xlsx
2026-08-13T12:51:25  INFO      cdm.connector.sap:1380  [sap/upload] SUMMARY  job_id=428bdd49-f0ba-4dc1-91ed-08b60b5df181  accepted=1  rejected=0  rustfs=s3://staging-pt/p0/staging-pt/e2e_95b004da_testcase/sap
2026-08-13T12:51:25  INFO      cdm.connector.timeseries:1622  [ts/upload] POST — 1 file(s) received  job_id=6b80b4cf-c3a3-49a5-99bd-d4637a7f6467  file_type=metadata  plant_code_id=e2e_95b004da_testcase  rustfs=s3://staging-pt/p0/staging-pt/e2e_95b004da_testcase/timeseries/metadata
2026-08-13T12:51:26  INFO      cdm.connector.timeseries:1740  [ts/upload] SUMMARY  job_id=6b80b4cf-c3a3-49a5-99bd-d4637a7f6467  file_type=metadata  accepted=1  rejected=0  (RustFS+ingest backgrounded)
2026-08-13T12:51:26  INFO      cdm.connector.timeseries:1929  [ts/upload] RustFS push + ingest scheduled  job_id=6b80b4cf-c3a3-49a5-99bd-d4637a7f6467  files=1
2026-08-13T12:51:26  INFO      cdm.connector.docs:811  [docs/upload] START  job_id=59a8c295-5978-458d-8348-3eccfb95eb8e  doc_type=equipment_manuals  files=1  rustfs=s3://staging-pt/p0/staging-pt/e2e_95b004da_testcase/documents/equipment_manuals
2026-08-13T12:51:27  INFO      cdm.connector.timeseries:1784  [ts/upload] UPLOADED e2e_ts.csv → s3://staging-pt/p0/staging-pt/e2e_95b004da_testcase/timeseries/metadata/e2e_ts.csv
2026-08-13T12:51:27  INFO      cdm.connector.docs:856  [docs/upload] UPLOADED e2e_manual.pdf (0.8 KB) → s3://staging-pt/p0/staging-pt/e2e_95b004da_testcase/documents/equipment_manuals/e2e_manual.pdf
2026-08-13T12:51:27  INFO      cdm.connector.timeseries:688  [retention] no retention configured — skipping prune
2026-08-13T12:51:27  INFO      cdm.connector.timeseries:1921  [ts/upload] IoTDB ingest done  job_id=6b80b4cf-c3a3-49a5-99bd-d4637a7f6467  rows=0  dropped_pre_retention=0
2026-08-13T12:51:28  INFO      cdm.connector.docs:903  [docs/upload] SUMMARY  job_id=59a8c295-5978-458d-8348-3eccfb95eb8e  accepted=1  rejected=0  rustfs=s3://staging-pt/p0/staging-pt/e2e_95b004da_testcase/documents/equipment_manuals
2026-08-13T12:51:31  INFO      p0.plants:884  [plants] dropped database: decisionops_e2e_95b004da_testcase
2026-08-13T12:51:31  INFO      p0.plants:392  [plants] deleted: e2e_95b004da_testcase
2026-08-13T12:51:32  INFO      p0.plants:884  [plants] dropped database: decisionops_e2e_95b004da_testcase
2026-08-13T12:51:33  INFO      p0.plants:51  [plants] created registry database: plant_registry_testcase
2026-08-13T12:51:34  INFO      p0.plants:884  [plants] dropped database: decisionops_provisioning_testcase
2026-08-13T12:51:35  INFO      p0.plants:843  [plants] created database: decisionops_provisioning_testcase
2026-08-13T12:51:49  INFO      p0.plants:857  [plants] CDM schema applied + plant row seeded in decisionops_provisioning_testcase
2026-08-13T12:51:50  INFO      p0.plants:884  [plants] dropped database: decisionops_provisioning_testcase
2026-08-13T12:51:51  INFO      p0.plants:884  [plants] dropped database: decisionops_provisioning_testcase
2026-08-13T12:51:51  INFO      p0.plants:843  [plants] created database: decisionops_provisioning_testcase
2026-08-13T12:52:11  INFO      p0.plants:857  [plants] CDM schema applied + plant row seeded in decisionops_provisioning_testcase
2026-08-13T12:52:26  INFO      p0.plants:857  [plants] CDM schema applied + plant row seeded in decisionops_provisioning_testcase
2026-08-13T12:52:28  INFO      p0.plants:884  [plants] dropped database: decisionops_provisioning_testcase
2026-08-13T12:52:29  INFO      p0.plants:884  [plants] dropped database: decisionops_provisioning_testcase
2026-08-13T12:52:30  INFO      p0.plants:843  [plants] created database: decisionops_provisioning_testcase
2026-08-13T12:52:48  INFO      p0.plants:857  [plants] CDM schema applied + plant row seeded in decisionops_provisioning_testcase
2026-08-13T12:52:48  INFO      p0.plants:884  [plants] dropped database: decisionops_provisioning_testcase
2026-08-13T12:52:49  INFO      p0.plants:884  [plants] dropped database: decisionops_provisioning_testcase
2026-08-13T12:52:50  INFO      p0.plants:884  [plants] dropped database: decisionops_provisioning_testcase
2026-08-13T12:52:52  INFO      p0.plants:843  [plants] created database: decisionops_provisioning_testcase
2026-08-13T12:53:08  INFO      p0.plants:857  [plants] CDM schema applied + plant row seeded in decisionops_provisioning_testcase
2026-08-13T12:53:08  INFO      p0.plants:370  [plants] added: provisioning_testcase -> decisionops_provisioning_testcase (by=tester)
2026-08-13T12:53:10  INFO      p0.plants:884  [plants] dropped database: decisionops_provisioning_testcase
2026-08-13T12:53:11  INFO      p0.plants:884  [plants] dropped database: decisionops_provisioning_testcase
2026-08-13T12:53:13  INFO      p0.plants:843  [plants] created database: decisionops_provisioning_testcase
2026-08-13T12:53:36  INFO      p0.plants:884  [plants] dropped database: decisionops_provisioning_testcase
2026-08-13T12:53:36  INFO      p0.plants:884  [plants] dropped database: decisionops_provisioning_testcase
2026-08-13T12:53:37  INFO      p0.plants:884  [plants] dropped database: decisionops_provisioning_testcase
2026-08-13T12:53:37  INFO      p0.plants:843  [plants] created database: decisionops_provisioning_testcase
2026-08-13T12:53:45  INFO      p0.plants:857  [plants] CDM schema applied + plant row seeded in decisionops_provisioning_testcase
2026-08-13T12:53:45  INFO      p0.plants:370  [plants] added: provisioning_testcase -> decisionops_provisioning_testcase (by=tester)
2026-08-13T12:53:45  INFO      p0.plants:884  [plants] dropped database: decisionops_provisioning_testcase
2026-08-13T12:53:45  INFO      p0.plants:392  [plants] deleted: provisioning_testcase
2026-08-13T12:53:45  INFO      p0.plants:884  [plants] dropped database: decisionops_provisioning_testcase
2026-08-13T12:53:46  INFO      p0.plants:884  [plants] dropped database: decisionops_provisioning_testcase
2026-08-13T12:53:47  INFO      p0.plants:884  [plants] dropped database: decisionops_provisioning_testcase
2026-08-13T12:53:47  INFO      p0.plants:884  [plants] dropped database: decisionops_provisioning_testcase
2026-08-13T12:53:47  INFO      p0.plants:884  [plants] dropped database: decisionops_provisioning_testcase
2026-08-13T12:53:48  INFO      p0.plants:884  [plants] dropped database: decisionops_provisioning_testcase
2026-08-13T12:53:48  INFO      p0.plants:843  [plants] created database: decisionops_provisioning_testcase
2026-08-13T12:53:56  INFO      p0.plants:857  [plants] CDM schema applied + plant row seeded in decisionops_provisioning_testcase
2026-08-13T12:53:59  INFO      p0.plants:305  [plants] adopted pre-registry plant: provisioning_testcase -> decisionops_provisioning_testcase
2026-08-13T12:54:00  INFO      p0.plants:884  [plants] dropped database: decisionops_provisioning_testcase
2026-08-13T12:54:01  INFO      p0.plants:884  [plants] dropped database: decisionops_routing_testcase
2026-08-13T12:54:01  INFO      p0.plants:843  [plants] created database: decisionops_routing_testcase
2026-08-13T12:54:08  INFO      p0.plants:857  [plants] CDM schema applied + plant row seeded in decisionops_routing_testcase
2026-08-13T12:54:08  INFO      p0.plants:370  [plants] added: routing_testcase -> decisionops_routing_testcase (by=tester)
2026-08-13T12:54:09  INFO      p0.plants:884  [plants] dropped database: decisionops_routing_testcase
2026-08-13T13:00:48  INFO      cdm.api.main:47  CDM API starting — log directory: C:\Users\akshay.patil\OneDrive - TRIDIAGONAL.AI PRIVATE LIMITED\Desktop\TAI_Projects\dev\DecisionOps_dev\p0\data\logs
2026-08-13T13:00:49  INFO      cdm.api.main:55  Object-store container ready: staging-pt
2026-08-13T13:00:53  INFO      cdm.api.main:71  plants registry ready
2026-08-13T13:44:18  INFO      cdm.api.main:47  CDM API starting — log directory: C:\Users\akshay.patil\OneDrive - TRIDIAGONAL.AI PRIVATE LIMITED\Desktop\TAI_Projects\dev\DecisionOps_dev\p0\data\logs
2026-08-13T13:44:18  INFO      cdm.api.main:55  Object-store container ready: staging-pt
2026-08-13T13:44:21  INFO      cdm.api.main:71  plants registry ready
2026-08-13T14:07:12  INFO      cdm.api.main:47  CDM API starting — log directory: C:\Users\akshay.patil\OneDrive - TRIDIAGONAL.AI PRIVATE LIMITED\Desktop\TAI_Projects\dev\DecisionOps_dev\p0\data\logs
2026-08-13T14:07:13  INFO      cdm.api.main:55  Object-store container ready: staging-pt
2026-08-13T14:07:25  INFO      cdm.api.main:71  plants registry ready
2026-08-13T14:33:06  INFO      cdm.api.main:47  CDM API starting — log directory: C:\Users\akshay.patil\OneDrive - TRIDIAGONAL.AI PRIVATE LIMITED\Desktop\TAI_Projects\dev\DecisionOps_dev\p0\data\logs
2026-08-13T14:33:07  INFO      cdm.api.main:55  Object-store container ready: staging-pt
2026-08-13T14:33:11  INFO      cdm.api.main:71  plants registry ready
2026-08-13T14:43:25  INFO      cdm.api.main:47  CDM API starting — log directory: C:\Users\akshay.patil\OneDrive - TRIDIAGONAL.AI PRIVATE LIMITED\Desktop\TAI_Projects\dev\DecisionOps_dev\p0\data\logs
2026-08-13T14:43:26  INFO      cdm.api.main:55  Object-store container ready: staging-pt
2026-08-13T14:43:32  INFO      cdm.api.main:71  plants registry ready
2026-08-13T15:28:52  INFO      cdm.api.main:47  CDM API starting — log directory: C:\Users\akshay.patil\OneDrive - TRIDIAGONAL.AI PRIVATE LIMITED\Desktop\TAI_Projects\dev\DecisionOps_dev\p0\data\logs
2026-08-13T15:28:53  INFO      cdm.api.main:55  Object-store container ready: staging-pt
2026-08-13T15:28:56  INFO      cdm.api.main:71  plants registry ready
2026-08-13T17:34:38  INFO      cdm.api.main:47  CDM API starting — log directory: C:\Users\akshay.patil\OneDrive - TRIDIAGONAL.AI PRIVATE LIMITED\Desktop\TAI_Projects\dev\DecisionOps_dev\p0\data\logs
2026-08-13T17:34:40  INFO      cdm.api.main:55  Object-store container ready: staging-pt
2026-08-13T17:34:44  INFO      cdm.api.main:71  plants registry ready
2026-08-13T17:38:39  INFO      cdm.api.main:47  CDM API starting — log directory: C:\Users\akshay.patil\OneDrive - TRIDIAGONAL.AI PRIVATE LIMITED\Desktop\TAI_Projects\dev\DecisionOps_dev\p0\data\logs
2026-08-13T17:38:40  INFO      cdm.api.main:55  Object-store container ready: staging-pt
2026-08-13T17:38:42  INFO      cdm.api.main:71  plants registry ready
2026-08-13T18:00:54  INFO      cdm.api.main:47  CDM API starting — log directory: C:\Users\akshay.patil\OneDrive - TRIDIAGONAL.AI PRIVATE LIMITED\Desktop\TAI_Projects\dev\DecisionOps_dev\p0\data\logs
2026-08-13T18:00:54  INFO      cdm.api.main:55  Object-store container ready: staging-pt
2026-08-13T18:00:57  INFO      cdm.api.main:71  plants registry ready
2026-08-13T18:04:59  INFO      cdm.api.main:47  CDM API starting — log directory: C:\Users\akshay.patil\OneDrive - TRIDIAGONAL.AI PRIVATE LIMITED\Desktop\TAI_Projects\dev\DecisionOps_dev\p0\data\logs
2026-08-13T18:05:00  INFO      cdm.api.main:55  Object-store container ready: staging-pt
2026-08-13T18:05:02  INFO      cdm.api.main:71  plants registry ready
2026-08-13T18:06:47  INFO      cdm.api.main:47  CDM API starting — log directory: C:\Users\akshay.patil\OneDrive - TRIDIAGONAL.AI PRIVATE LIMITED\Desktop\TAI_Projects\dev\DecisionOps_dev\p0\data\logs
2026-08-13T18:06:47  INFO      cdm.api.main:55  Object-store container ready: staging-pt
2026-08-13T18:06:49  INFO      cdm.api.main:71  plants registry ready
2026-08-13T18:08:02  INFO      cdm.api.main:47  CDM API starting — log directory: C:\Users\akshay.patil\OneDrive - TRIDIAGONAL.AI PRIVATE LIMITED\Desktop\TAI_Projects\dev\DecisionOps_dev\p0\data\logs
2026-08-13T18:08:03  INFO      cdm.api.main:55  Object-store container ready: staging-pt
2026-08-13T18:08:05  INFO      cdm.api.main:71  plants registry ready
2026-08-13T18:29:06  INFO      cdm.api.main:47  CDM API starting — log directory: C:\Users\akshay.patil\OneDrive - TRIDIAGONAL.AI PRIVATE LIMITED\Desktop\TAI_Projects\dev\DecisionOps_dev\p0\data\logs
2026-08-13T18:29:06  INFO      cdm.api.main:55  Object-store container ready: staging-pt
2026-08-13T18:29:08  INFO      cdm.api.main:71  plants registry ready
2026-08-13T18:30:37  INFO      cdm.api.main:47  CDM API starting — log directory: C:\Users\akshay.patil\OneDrive - TRIDIAGONAL.AI PRIVATE LIMITED\Desktop\TAI_Projects\dev\DecisionOps_dev\p0\data\logs
2026-08-13T18:30:37  INFO      cdm.api.main:55  Object-store container ready: staging-pt
2026-08-13T18:30:40  INFO      cdm.api.main:71  plants registry ready
2026-08-13T18:37:03  INFO      cdm.api.main:47  CDM API starting — log directory: C:\Users\akshay.patil\OneDrive - TRIDIAGONAL.AI PRIVATE LIMITED\Desktop\TAI_Projects\dev\DecisionOps_dev\p0\data\logs
2026-08-13T18:37:03  INFO      cdm.api.main:55  Object-store container ready: staging-pt
2026-08-13T18:37:05  INFO      cdm.api.main:71  plants registry ready
2026-08-13T18:43:02  INFO      cdm.api.main:47  CDM API starting — log directory: C:\Users\akshay.patil\OneDrive - TRIDIAGONAL.AI PRIVATE LIMITED\Desktop\TAI_Projects\dev\DecisionOps_dev\p0\data\logs
2026-08-13T18:43:02  INFO      cdm.api.main:55  Object-store container ready: staging-pt
2026-08-13T18:43:04  INFO      cdm.api.main:71  plants registry ready
2026-08-14T09:43:22  INFO      cdm.api.main:47  CDM API starting — log directory: C:\Users\akshay.patil\OneDrive - TRIDIAGONAL.AI PRIVATE LIMITED\Desktop\TAI_Projects\dev\DecisionOps_dev\p0\data\logs
2026-08-14T09:43:23  INFO      cdm.api.main:55  Object-store container ready: staging-pt
2026-08-14T09:43:26  INFO      cdm.api.main:71  plants registry ready
2026-08-14T09:52:47  INFO      cdm.api.main:47  CDM API starting — log directory: C:\Users\akshay.patil\OneDrive - TRIDIAGONAL.AI PRIVATE LIMITED\Desktop\TAI_Projects\dev\DecisionOps_dev\p0\data\logs
2026-08-14T09:52:47  INFO      cdm.api.main:55  Object-store container ready: staging-pt
2026-08-14T09:52:50  INFO      cdm.api.main:71  plants registry ready
2026-08-14T10:26:00  INFO      cdm.api.main:47  CDM API starting — log directory: C:\Users\akshay.patil\OneDrive - TRIDIAGONAL.AI PRIVATE LIMITED\Desktop\TAI_Projects\dev\DecisionOps_dev\p0\data\logs
2026-08-14T10:26:00  INFO      cdm.api.main:55  Object-store container ready: staging-pt
2026-08-14T10:26:04  INFO      cdm.api.main:71  plants registry ready
2026-08-14T10:53:19  INFO      cdm.api.main:47  CDM API starting — log directory: C:\Users\akshay.patil\OneDrive - TRIDIAGONAL.AI PRIVATE LIMITED\Desktop\TAI_Projects\dev\DecisionOps_dev\p0\data\logs
2026-08-14T10:53:20  INFO      cdm.api.main:55  Object-store container ready: staging-pt
2026-08-14T10:53:24  INFO      cdm.api.main:71  plants registry ready
2026-08-14T15:53:15  INFO      cdm.api.main:47  CDM API starting — log directory: C:\Users\akshay.patil\OneDrive - TRIDIAGONAL.AI PRIVATE LIMITED\Desktop\TAI_Projects\dev\DecisionOps_dev\p0\data\logs
2026-08-14T15:53:15  INFO      cdm.api.main:55  Object-store container ready: staging-pt
2026-08-14T15:53:18  INFO      cdm.api.main:71  plants registry ready
2026-08-14T15:58:35  INFO      cdm.api.main:47  CDM API starting — log directory: C:\Users\akshay.patil\OneDrive - TRIDIAGONAL.AI PRIVATE LIMITED\Desktop\TAI_Projects\dev\DecisionOps_dev\p0\data\logs
2026-08-14T15:58:35  INFO      cdm.api.main:55  Object-store container ready: staging-pt
2026-08-14T15:58:37  INFO      cdm.api.main:71  plants registry ready
2026-08-14T16:10:20  INFO      cdm.api.main:47  CDM API starting — log directory: C:\Users\akshay.patil\OneDrive - TRIDIAGONAL.AI PRIVATE LIMITED\Desktop\TAI_Projects\dev\DecisionOps_dev\p0\data\logs
2026-08-14T16:10:20  INFO      cdm.api.main:55  Object-store container ready: staging-pt
2026-08-14T16:10:22  INFO      cdm.api.main:71  plants registry ready
2026-08-14T16:15:38  INFO      cdm.api.main:47  CDM API starting — log directory: C:\Users\akshay.patil\OneDrive - TRIDIAGONAL.AI PRIVATE LIMITED\Desktop\TAI_Projects\dev\DecisionOps_dev\p0\data\logs
2026-08-14T16:15:39  INFO      cdm.api.main:55  Object-store container ready: staging-pt
2026-08-14T16:15:41  INFO      cdm.api.main:71  plants registry ready
2026-08-14T16:16:36  INFO      cdm.api.main:47  CDM API starting — log directory: C:\Users\akshay.patil\OneDrive - TRIDIAGONAL.AI PRIVATE LIMITED\Desktop\TAI_Projects\dev\DecisionOps_dev\p0\data\logs
2026-08-14T16:16:36  INFO      cdm.api.main:55  Object-store container ready: staging-pt
2026-08-14T16:16:38  INFO      cdm.api.main:71  plants registry ready
2026-08-14T16:20:31  INFO      cdm.api.main:47  CDM API starting — log directory: C:\Users\akshay.patil\OneDrive - TRIDIAGONAL.AI PRIVATE LIMITED\Desktop\TAI_Projects\dev\DecisionOps_dev\p0\data\logs
2026-08-14T16:20:31  INFO      cdm.api.main:55  Object-store container ready: staging-pt
2026-08-14T16:20:34  INFO      cdm.api.main:71  plants registry ready
2026-08-14T16:24:03  INFO      cdm.api.main:47  CDM API starting — log directory: C:\Users\akshay.patil\OneDrive - TRIDIAGONAL.AI PRIVATE LIMITED\Desktop\TAI_Projects\dev\DecisionOps_dev\p0\data\logs
2026-08-14T16:24:04  INFO      cdm.api.main:55  Object-store container ready: staging-pt
2026-08-14T16:24:12  INFO      cdm.api.main:71  plants registry ready
2026-08-14T16:43:21  INFO      cdm.api.main:47  CDM API starting — log directory: C:\Users\akshay.patil\OneDrive - TRIDIAGONAL.AI PRIVATE LIMITED\Desktop\TAI_Projects\dev\DecisionOps_dev\p0\data\logs
2026-08-14T16:43:21  INFO      cdm.api.main:55  Object-store container ready: staging-pt
2026-08-14T16:43:24  INFO      cdm.api.main:71  plants registry ready
2026-08-14T16:46:45  INFO      cdm.api.main:47  CDM API starting — log directory: C:\Users\akshay.patil\OneDrive - TRIDIAGONAL.AI PRIVATE LIMITED\Desktop\TAI_Projects\dev\DecisionOps_dev\p0\data\logs
2026-08-14T16:46:45  INFO      cdm.api.main:55  Object-store container ready: staging-pt
2026-08-14T16:46:47  INFO      cdm.api.main:71  plants registry ready
2026-08-14T16:50:02  INFO      cdm.api.main:47  CDM API starting — log directory: C:\Users\akshay.patil\OneDrive - TRIDIAGONAL.AI PRIVATE LIMITED\Desktop\TAI_Projects\dev\DecisionOps_dev\p0\data\logs
2026-08-14T16:50:03  INFO      cdm.api.main:55  Object-store container ready: staging-pt
2026-08-14T16:50:05  INFO      cdm.api.main:71  plants registry ready
2026-08-14T16:53:00  INFO      cdm.api.main:47  CDM API starting — log directory: C:\Users\akshay.patil\OneDrive - TRIDIAGONAL.AI PRIVATE LIMITED\Desktop\TAI_Projects\dev\DecisionOps_dev\p0\data\logs
2026-08-14T16:53:01  INFO      cdm.api.main:55  Object-store container ready: staging-pt
2026-08-14T16:53:03  INFO      cdm.api.main:71  plants registry ready
2026-08-14T16:55:01  INFO      cdm.api.main:47  CDM API starting — log directory: C:\Users\akshay.patil\OneDrive - TRIDIAGONAL.AI PRIVATE LIMITED\Desktop\TAI_Projects\dev\DecisionOps_dev\p0\data\logs
2026-08-14T16:55:01  INFO      cdm.api.main:55  Object-store container ready: staging-pt
2026-08-14T16:55:04  INFO      cdm.api.main:71  plants registry ready
2026-08-16T12:23:36  INFO      cdm.api.main:47  CDM API starting — log directory: C:\Users\akshay.patil\OneDrive - TRIDIAGONAL.AI PRIVATE LIMITED\Desktop\TAI_Projects\dev\DecisionOps_dev\p0\data\logs
2026-08-16T12:23:37  INFO      cdm.api.main:55  Object-store container ready: staging-pt
2026-08-16T12:23:38  INFO      cdm.api.main:71  plants registry ready
2026-08-16T12:38:27  INFO      cdm.api.main:47  CDM API starting — log directory: C:\Users\akshay.patil\OneDrive - TRIDIAGONAL.AI PRIVATE LIMITED\Desktop\TAI_Projects\dev\DecisionOps_dev\p0\data\logs
2026-08-16T12:38:28  INFO      cdm.api.main:55  Object-store container ready: staging-pt
2026-08-16T12:38:29  INFO      cdm.api.main:71  plants registry ready
2026-08-16T13:39:02  INFO      cdm.api.main:47  CDM API starting — log directory: C:\Users\akshay.patil\OneDrive - TRIDIAGONAL.AI PRIVATE LIMITED\Desktop\TAI_Projects\dev\DecisionOps_dev\p0\data\logs
2026-08-16T13:39:02  INFO      cdm.api.main:55  Object-store container ready: staging-pt
2026-08-16T13:39:05  INFO      cdm.api.main:71  plants registry ready
2026-08-18T11:05:31  INFO      cdm.api.main:47  CDM API starting — log directory: C:\Users\akshay.patil\OneDrive - TRIDIAGONAL.AI PRIVATE LIMITED\Desktop\TAI_Projects\dev\DecisionOps_dev\p0\data\logs
2026-08-18T11:05:32  INFO      cdm.api.main:55  Object-store container ready: staging-pt
2026-08-18T11:05:36  INFO      cdm.api.main:71  plants registry ready
2026-08-18T11:16:33  INFO      cdm.api.main:47  CDM API starting — log directory: C:\Users\akshay.patil\OneDrive - TRIDIAGONAL.AI PRIVATE LIMITED\Desktop\TAI_Projects\dev\DecisionOps_dev\p0\data\logs
2026-08-18T11:16:33  INFO      cdm.api.main:55  Object-store container ready: staging-pt
2026-08-18T11:16:36  INFO      cdm.api.main:71  plants registry ready
2026-08-18T11:42:35  INFO      cdm.api.main:47  CDM API starting — log directory: C:\Users\akshay.patil\OneDrive - TRIDIAGONAL.AI PRIVATE LIMITED\Desktop\TAI_Projects\dev\DecisionOps_dev\p0\data\logs
2026-08-18T11:42:35  INFO      cdm.api.main:55  Object-store container ready: staging-pt
2026-08-18T11:42:38  INFO      cdm.api.main:71  plants registry ready
2026-08-18T11:57:32  INFO      cdm.api.main:47  CDM API starting — log directory: C:\Users\akshay.patil\OneDrive - TRIDIAGONAL.AI PRIVATE LIMITED\Desktop\TAI_Projects\dev\DecisionOps_dev\p0\data\logs
2026-08-18T11:57:32  INFO      cdm.api.main:55  Object-store container ready: staging-pt
2026-08-18T11:57:36  INFO      cdm.api.main:71  plants registry ready
2026-08-18T12:15:01  INFO      cdm.api.main:47  CDM API starting — log directory: C:\Users\akshay.patil\OneDrive - TRIDIAGONAL.AI PRIVATE LIMITED\Desktop\TAI_Projects\dev\DecisionOps_dev\p0\data\logs
2026-08-18T12:15:01  INFO      cdm.api.main:55  Object-store container ready: staging-pt
2026-08-18T12:15:17  INFO      cdm.api.main:71  plants registry ready
2026-08-18T12:20:38  INFO      cdm.api.main:47  CDM API starting — log directory: C:\Users\akshay.patil\OneDrive - TRIDIAGONAL.AI PRIVATE LIMITED\Desktop\TAI_Projects\dev\DecisionOps_dev\p0\data\logs
2026-08-18T12:20:38  INFO      cdm.api.main:55  Object-store container ready: staging-pt
2026-08-18T12:20:58  INFO      cdm.api.main:71  plants registry ready
2026-08-18T12:38:22  INFO      cdm.api.main:47  CDM API starting — log directory: C:\Users\akshay.patil\OneDrive - TRIDIAGONAL.AI PRIVATE LIMITED\Desktop\TAI_Projects\dev\DecisionOps_dev\p0\data\logs
2026-08-18T12:38:22  INFO      cdm.api.main:55  Object-store container ready: staging-pt
2026-08-18T12:38:24  INFO      cdm.api.main:71  plants registry ready
2026-08-18T12:39:45  DEBUG     p0.user_management.api.v1.user_management_api:281  Users being updated in Postgres: ['akshay.patil']
2026-08-18T12:39:45  DEBUG     p0.user_management.api.v1.user_management_api:299  Fetched new permissions for akshay.patil: {'plant_1': {'modelfactory': ['v', 'c', 'm']}}
2026-08-18T12:39:45  DEBUG     p0.user_management.api.v1.user_management_api:307  Updated Redis session ZrDTPORP8uAh5Y4JctNSTonn8Eib59x2B0JPW5pI9o0 for user akshay.patil
2026-08-18T12:42:37  DEBUG     p0.user_management.api.v1.user_management_api:281  Users being updated in Postgres: ['akshay.patil']
2026-08-18T12:42:37  DEBUG     p0.user_management.api.v1.user_management_api:299  Fetched new permissions for akshay.patil: {'plant_1': {'modelfactory': ['c', 'm']}}
2026-08-18T12:42:37  DEBUG     p0.user_management.api.v1.user_management_api:307  Updated Redis session ZrDTPORP8uAh5Y4JctNSTonn8Eib59x2B0JPW5pI9o0 for user akshay.patil
2026-08-18T12:44:06  DEBUG     p0.user_management.api.v1.user_management_api:281  Users being updated in Postgres: ['akshay.patil']
2026-08-18T12:44:06  DEBUG     p0.user_management.api.v1.user_management_api:299  Fetched new permissions for akshay.patil: {'plant_1': {'modelfactory': ['v', 'c', 'm']}}
2026-08-18T12:44:06  DEBUG     p0.user_management.api.v1.user_management_api:307  Updated Redis session ZrDTPORP8uAh5Y4JctNSTonn8Eib59x2B0JPW5pI9o0 for user akshay.patil
2026-08-18T14:25:51  INFO      cdm.api.main:47  CDM API starting — log directory: C:\Users\akshay.patil\OneDrive - TRIDIAGONAL.AI PRIVATE LIMITED\Desktop\TAI_Projects\dev\DecisionOps_dev\p0\data\logs
2026-08-18T14:25:52  INFO      cdm.api.main:55  Object-store container ready: staging-pt
2026-08-18T14:26:04  INFO      cdm.api.main:71  plants registry ready
2026-08-18T14:28:56  INFO      cdm.api.main:47  CDM API starting — log directory: C:\Users\akshay.patil\OneDrive - TRIDIAGONAL.AI PRIVATE LIMITED\Desktop\TAI_Projects\dev\DecisionOps_dev\p0\data\logs
2026-08-18T14:28:56  INFO      cdm.api.main:55  Object-store container ready: staging-pt
2026-08-18T14:29:10  INFO      cdm.api.main:71  plants registry ready
2026-08-18T14:29:33  DEBUG     p0.user_management.api.v1.user_management_api:281  Users being updated in Postgres: ['akshay.patil']
2026-08-18T14:29:33  DEBUG     p0.user_management.api.v1.user_management_api:299  Fetched new permissions for akshay.patil: {'plant_1': {'cdm': ['c', 'm', 'd']}}
2026-08-18T14:29:33  DEBUG     p0.user_management.api.v1.user_management_api:307  Updated Redis session EKOHuNQnaicUuWo8PbXS8IMNP4YD1q29Q3bnPGNh8Z0 for user akshay.patil
2026-08-18T15:04:11  INFO      cdm.api.main:47  CDM API starting — log directory: C:\Users\akshay.patil\OneDrive - TRIDIAGONAL.AI PRIVATE LIMITED\Desktop\TAI_Projects\dev\DecisionOps_dev\p0\data\logs
2026-08-18T15:04:12  INFO      cdm.api.main:55  Object-store container ready: staging-pt
2026-08-18T15:04:19  INFO      cdm.api.main:71  plants registry ready
2026-08-18T15:26:32  INFO      cdm.api.main:47  CDM API starting — log directory: C:\Users\akshay.patil\OneDrive - TRIDIAGONAL.AI PRIVATE LIMITED\Desktop\TAI_Projects\dev\DecisionOps_dev\p0\data\logs
2026-08-18T15:26:32  INFO      cdm.api.main:55  Object-store container ready: staging-pt
2026-08-18T15:26:41  INFO      cdm.api.main:71  plants registry ready
2026-08-18T18:34:53  INFO      cdm.api.main:47  CDM API starting — log directory: C:\Users\akshay.patil\OneDrive - TRIDIAGONAL.AI PRIVATE LIMITED\Desktop\TAI_Projects\dev\DecisionOps_dev\p0\data\logs
2026-08-18T18:34:54  INFO      cdm.api.main:55  Object-store container ready: bronze
2026-08-18T18:34:55  INFO      cdm.api.main:71  plants registry ready
2026-08-18T18:38:18  DEBUG     p0.user_management.api.v1.user_management_api:281  Users being updated in Postgres: ['akshay.patil']
2026-08-18T18:38:18  DEBUG     p0.user_management.api.v1.user_management_api:299  Fetched new permissions for akshay.patil: {'ADNOC': {'modelfactory': ['v', 'c', 'm', 'd']}}
2026-08-18T18:38:18  DEBUG     p0.user_management.api.v1.user_management_api:307  Updated Redis session SvS6O3zXkv2FyAwZxiv5Dj6aj_iRsKRLEKKx18Ff1Kg for user akshay.patil
2026-08-18T18:39:05  DEBUG     p0.user_management.api.v1.user_management_api:281  Users being updated in Postgres: ['akshay.patil']
2026-08-18T18:39:05  DEBUG     p0.user_management.api.v1.user_management_api:299  Fetched new permissions for akshay.patil: {'ADNOC': {'modelfactory': ['v', 'c', 'm', 'd']}, 'RR1': {'modelfactory': ['v', 'c', 'm', 'd']}}
2026-08-18T18:39:05  DEBUG     p0.user_management.api.v1.user_management_api:307  Updated Redis session SvS6O3zXkv2FyAwZxiv5Dj6aj_iRsKRLEKKx18Ff1Kg for user akshay.patil
2026-08-19T10:19:32  INFO      cdm.api.main:47  CDM API starting — log directory: C:\Users\akshay.patil\OneDrive - TRIDIAGONAL.AI PRIVATE LIMITED\Desktop\TAI_Projects\dev\DecisionOps_dev\p0\data\logs
2026-08-19T10:20:03  INFO      cdm.api.main:47  CDM API starting — log directory: C:\Users\akshay.patil\OneDrive - TRIDIAGONAL.AI PRIVATE LIMITED\Desktop\TAI_Projects\dev\DecisionOps_dev\p0\data\logs
2026-08-19T10:20:04  INFO      cdm.api.main:55  Object-store container ready: bronze
2026-08-19T10:20:05  INFO      cdm.api.main:71  plants registry ready
2026-08-19T10:23:05  INFO      cdm.api.main:47  CDM API starting — log directory: C:\Users\akshay.patil\OneDrive - TRIDIAGONAL.AI PRIVATE LIMITED\Desktop\TAI_Projects\dev\DecisionOps_dev\p0\data\logs
2026-08-19T10:23:06  INFO      cdm.api.main:55  Object-store container ready: bronze
2026-08-19T10:23:07  INFO      cdm.api.main:71  plants registry ready
2026-08-19T10:32:17  INFO      cdm.api.main:47  CDM API starting — log directory: C:\Users\akshay.patil\OneDrive - TRIDIAGONAL.AI PRIVATE LIMITED\Desktop\TAI_Projects\dev\DecisionOps_dev\p0\data\logs
2026-08-19T10:32:17  INFO      cdm.api.main:55  Object-store container ready: bronze
2026-08-19T10:32:20  INFO      cdm.api.main:71  plants registry ready
2026-08-19T10:47:46  INFO      cdm.api.main:47  CDM API starting — log directory: C:\Users\akshay.patil\OneDrive - TRIDIAGONAL.AI PRIVATE LIMITED\Desktop\TAI_Projects\dev\DecisionOps_dev\p0\data\logs
2026-08-19T10:47:47  INFO      cdm.api.main:55  Object-store container ready: staging-pt
2026-08-19T10:48:24  INFO      cdm.api.main:47  CDM API starting — log directory: C:\Users\akshay.patil\OneDrive - TRIDIAGONAL.AI PRIVATE LIMITED\Desktop\TAI_Projects\dev\DecisionOps_dev\p0\data\logs
2026-08-19T10:48:24  INFO      cdm.api.main:55  Object-store container ready: bronze
2026-08-19T10:48:28  INFO      cdm.api.main:71  plants registry ready
2026-08-19T11:12:11  INFO      cdm.api.main:47  CDM API starting — log directory: C:\Users\akshay.patil\OneDrive - TRIDIAGONAL.AI PRIVATE LIMITED\Desktop\TAI_Projects\dev\DecisionOps_dev\p0\data\logs
2026-08-19T11:12:11  INFO      cdm.api.main:55  Object-store container ready: bronze
2026-08-19T11:12:13  INFO      cdm.api.main:71  plants registry ready
2026-08-19T11:12:46  INFO      cdm.api.main:47  CDM API starting — log directory: C:\Users\akshay.patil\OneDrive - TRIDIAGONAL.AI PRIVATE LIMITED\Desktop\TAI_Projects\dev\DecisionOps_dev\p0\data\logs
2026-08-19T11:12:46  INFO      cdm.api.main:55  Object-store container ready: staging-pt
2026-08-19T11:13:11  INFO      cdm.api.main:47  CDM API starting — log directory: C:\Users\akshay.patil\OneDrive - TRIDIAGONAL.AI PRIVATE LIMITED\Desktop\TAI_Projects\dev\DecisionOps_dev\p0\data\logs
2026-08-19T11:13:12  INFO      cdm.api.main:55  Object-store container ready: bronze
2026-08-19T11:13:14  INFO      cdm.api.main:71  plants registry ready
2026-08-19T11:13:54  INFO      cdm.api.main:47  CDM API starting — log directory: C:\Users\akshay.patil\OneDrive - TRIDIAGONAL.AI PRIVATE LIMITED\Desktop\TAI_Projects\dev\DecisionOps_dev\p0\data\logs
2026-08-19T11:13:54  INFO      cdm.api.main:55  Object-store container ready: bronze
2026-08-19T11:13:56  INFO      cdm.api.main:71  plants registry ready
2026-08-19T11:14:41  INFO      cdm.api.main:47  CDM API starting — log directory: C:\Users\akshay.patil\OneDrive - TRIDIAGONAL.AI PRIVATE LIMITED\Desktop\TAI_Projects\dev\DecisionOps_dev\p0\data\logs
2026-08-19T11:14:42  INFO      cdm.api.main:55  Object-store container ready: bronze
2026-08-19T11:14:46  INFO      cdm.api.main:71  plants registry ready
2026-08-19T11:20:45  INFO      cdm.api.main:47  CDM API starting — log directory: C:\Users\akshay.patil\OneDrive - TRIDIAGONAL.AI PRIVATE LIMITED\Desktop\TAI_Projects\dev\DecisionOps_dev\p0\data\logs
2026-08-19T11:20:46  INFO      cdm.api.main:55  Object-store container ready: bronze
2026-08-19T11:20:48  INFO      cdm.api.main:71  plants registry ready
2026-08-19T11:22:51  INFO      cdm.api.main:47  CDM API starting — log directory: C:\Users\akshay.patil\OneDrive - TRIDIAGONAL.AI PRIVATE LIMITED\Desktop\TAI_Projects\dev\DecisionOps_dev\p0\data\logs
2026-08-19T11:22:51  INFO      cdm.api.main:55  Object-store container ready: bronze
2026-08-19T11:22:53  INFO      cdm.api.main:71  plants registry ready
2026-08-19T11:23:28  INFO      cdm.api.main:47  CDM API starting — log directory: C:\Users\akshay.patil\OneDrive - TRIDIAGONAL.AI PRIVATE LIMITED\Desktop\TAI_Projects\dev\DecisionOps_dev\p0\data\logs
2026-08-19T11:23:28  INFO      cdm.api.main:55  Object-store container ready: bronze
2026-08-19T11:23:31  INFO      cdm.api.main:71  plants registry ready
2026-08-19T11:24:54  INFO      cdm.api.main:47  CDM API starting — log directory: C:\Users\akshay.patil\OneDrive - TRIDIAGONAL.AI PRIVATE LIMITED\Desktop\TAI_Projects\dev\DecisionOps_dev\p0\data\logs
2026-08-19T11:24:55  INFO      cdm.api.main:55  Object-store container ready: bronze
2026-08-19T11:24:56  INFO      cdm.api.main:71  plants registry ready
2026-08-19T11:26:29  INFO      cdm.api.main:47  CDM API starting — log directory: C:\Users\akshay.patil\OneDrive - TRIDIAGONAL.AI PRIVATE LIMITED\Desktop\TAI_Projects\dev\DecisionOps_dev\p0\data\logs
2026-08-19T11:26:30  INFO      cdm.api.main:55  Object-store container ready: bronze
2026-08-19T11:26:32  INFO      cdm.api.main:71  plants registry ready
2026-08-19T11:27:20  INFO      cdm.api.main:47  CDM API starting — log directory: C:\Users\akshay.patil\OneDrive - TRIDIAGONAL.AI PRIVATE LIMITED\Desktop\TAI_Projects\dev\DecisionOps_dev\p0\data\logs
2026-08-19T11:27:20  INFO      cdm.api.main:55  Object-store container ready: bronze
2026-08-19T11:27:21  INFO      cdm.api.main:71  plants registry ready
2026-08-19T14:24:15  INFO      cdm.api.main:47  CDM API starting — log directory: C:\Users\akshay.patil\OneDrive - TRIDIAGONAL.AI PRIVATE LIMITED\Desktop\TAI_Projects\dev\DecisionOps_dev\p0\data\logs
2026-08-19T14:24:16  INFO      cdm.api.main:55  Object-store container ready: staging-pt
2026-08-19T14:24:28  INFO      cdm.api.main:71  plants registry ready
2026-08-19T14:25:30  INFO      cdm.api.main:47  CDM API starting — log directory: C:\Users\akshay.patil\OneDrive - TRIDIAGONAL.AI PRIVATE LIMITED\Desktop\TAI_Projects\dev\DecisionOps_dev\p0\data\logs
2026-08-19T14:25:31  INFO      cdm.api.main:55  Object-store container ready: staging-pt
2026-08-19T14:25:41  INFO      cdm.api.main:71  plants registry ready
2026-08-19T14:26:47  INFO      cdm.api.main:47  CDM API starting — log directory: C:\Users\akshay.patil\OneDrive - TRIDIAGONAL.AI PRIVATE LIMITED\Desktop\TAI_Projects\dev\DecisionOps_dev\p0\data\logs
2026-08-19T14:26:47  INFO      cdm.api.main:55  Object-store container ready: staging-pt
2026-08-19T14:27:06  INFO      cdm.api.main:71  plants registry ready
2026-08-19T16:26:31  INFO      cdm.api.main:47  CDM API starting — log directory: C:\Users\akshay.patil\OneDrive - TRIDIAGONAL.AI PRIVATE LIMITED\Desktop\TAI_Projects\dev\DecisionOps_dev\p0\data\logs
2026-08-19T16:26:31  INFO      cdm.api.main:55  Object-store container ready: staging-pt
2026-08-19T16:26:37  INFO      cdm.api.main:71  plants registry ready
2026-08-19T16:27:51  INFO      cdm.api.main:47  CDM API starting — log directory: C:\Users\akshay.patil\OneDrive - TRIDIAGONAL.AI PRIVATE LIMITED\Desktop\TAI_Projects\dev\DecisionOps_dev\p0\data\logs
2026-08-19T16:27:51  INFO      cdm.api.main:55  Object-store container ready: staging-pt
2026-08-19T16:27:59  INFO      cdm.api.main:71  plants registry ready
2026-08-19T17:01:42  INFO      cdm.api.main:47  CDM API starting — log directory: C:\Users\akshay.patil\OneDrive - TRIDIAGONAL.AI PRIVATE LIMITED\Desktop\TAI_Projects\dev\DecisionOps_dev\p0\data\logs
2026-08-19T17:01:43  INFO      cdm.api.main:55  Object-store container ready: staging-pt
2026-08-19T17:01:57  INFO      cdm.api.main:71  plants registry ready
2026-08-19T17:14:48  INFO      cdm.api.main:47  CDM API starting — log directory: C:\Users\akshay.patil\OneDrive - TRIDIAGONAL.AI PRIVATE LIMITED\Desktop\TAI_Projects\dev\DecisionOps_dev\p0\data\logs
2026-08-19T17:14:48  INFO      cdm.api.main:55  Object-store container ready: staging-pt
2026-08-19T17:14:55  INFO      cdm.api.main:47  CDM API starting — log directory: C:\Users\akshay.patil\OneDrive - TRIDIAGONAL.AI PRIVATE LIMITED\Desktop\TAI_Projects\dev\DecisionOps_dev\p0\data\logs
2026-08-19T17:14:55  INFO      cdm.api.main:55  Object-store container ready: staging-pt
2026-08-19T17:15:02  INFO      cdm.api.main:71  plants registry ready
2026-08-20T15:05:26  INFO      cdm.api.main:47  CDM API starting — log directory: C:\Users\akshay.patil\OneDrive - TRIDIAGONAL.AI PRIVATE LIMITED\Desktop\TAI_Projects\dev\DecisionOps_dev\p0\data\logs
2026-08-20T15:05:26  INFO      cdm.api.main:55  Object-store container ready: staging-pt
2026-08-20T15:05:32  INFO      cdm.api.main:71  plants registry ready
2026-08-20T15:06:20  INFO      cdm.api.main:47  CDM API starting — log directory: C:\Users\akshay.patil\OneDrive - TRIDIAGONAL.AI PRIVATE LIMITED\Desktop\TAI_Projects\dev\DecisionOps_dev\p0\data\logs
2026-08-20T15:06:20  INFO      cdm.api.main:55  Object-store container ready: staging-pt
2026-08-20T15:06:26  INFO      cdm.api.main:71  plants registry ready
2026-08-21T12:17:16  INFO      cdm.api.main:47  CDM API starting — log directory: C:\Users\akshay.patil\OneDrive - TRIDIAGONAL.AI PRIVATE LIMITED\Desktop\TAI_Projects\dev\DecisionOps_dev\p0\data\logs
2026-08-21T12:17:16  INFO      cdm.api.main:55  Object-store container ready: staging-pt
2026-08-21T12:17:24  INFO      cdm.api.main:71  plants registry ready
2026-08-21T12:31:54  INFO      cdm.api.main:47  CDM API starting — log directory: C:\Users\akshay.patil\OneDrive - TRIDIAGONAL.AI PRIVATE LIMITED\Desktop\TAI_Projects\dev\DecisionOps_dev\p0\data\logs
2026-08-21T12:31:55  INFO      cdm.api.main:55  Object-store container ready: staging-pt
2026-08-21T12:34:39  INFO      cdm.api.main:47  CDM API starting — log directory: C:\Users\akshay.patil\OneDrive - TRIDIAGONAL.AI PRIVATE LIMITED\Desktop\TAI_Projects\dev\DecisionOps_dev\p0\data\logs
2026-08-21T12:34:39  INFO      cdm.api.main:55  Object-store container ready: staging-pt
2026-08-21T12:34:43  INFO      cdm.api.main:71  plants registry ready
2026-08-21T12:35:48  INFO      cdm.api.main:47  CDM API starting — log directory: C:\Users\akshay.patil\OneDrive - TRIDIAGONAL.AI PRIVATE LIMITED\Desktop\TAI_Projects\dev\DecisionOps_dev\p0\data\logs
2026-08-21T12:35:48  INFO      cdm.api.main:55  Object-store container ready: staging-pt
2026-08-21T12:35:50  INFO      cdm.api.main:71  plants registry ready
2026-08-21T12:36:38  INFO      cdm.api.main:47  CDM API starting — log directory: C:\Users\akshay.patil\OneDrive - TRIDIAGONAL.AI PRIVATE LIMITED\Desktop\TAI_Projects\dev\DecisionOps_dev\p0\data\logs
2026-08-21T12:36:38  INFO      cdm.api.main:55  Object-store container ready: staging-pt
2026-08-21T12:36:41  INFO      cdm.api.main:71  plants registry ready
2026-08-21T12:43:17  DEBUG     p0.user_management.api.v1.user_management_api:292  Users being updated in Postgres: ['akshay.patil']
2026-08-21T12:43:17  DEBUG     p0.user_management.api.v1.user_management_api:310  Fetched new permissions for akshay.patil: {'ADNOC': {'modelfactory': ['v', 'c', 'm', 'd']}, 'plant_1': {'modelfactory': ['v', 'c', 'm']}}
2026-08-21T12:43:17  DEBUG     p0.user_management.api.v1.user_management_api:318  Updated Redis session 0OvLLM_f4Sh34iamOwzY6x34HxtG4LFGDQeqZWbXO2Q for user akshay.patil
2026-08-21T13:36:26  INFO      cdm.api.main:47  CDM API starting — log directory: C:\Users\akshay.patil\OneDrive - TRIDIAGONAL.AI PRIVATE LIMITED\Desktop\TAI_Projects\dev\DecisionOps_dev\p0\data\logs
2026-08-21T13:36:26  INFO      cdm.api.main:55  Object-store container ready: staging-pt
2026-08-21T13:36:32  INFO      cdm.api.main:71  plants registry ready
2026-08-21T14:03:23  INFO      cdm.api.main:47  CDM API starting — log directory: C:\Users\akshay.patil\OneDrive - TRIDIAGONAL.AI PRIVATE LIMITED\Desktop\TAI_Projects\dev\DecisionOps_dev\p0\data\logs
2026-08-21T14:03:24  INFO      cdm.api.main:55  Object-store container ready: staging-pt
2026-08-21T14:03:30  INFO      cdm.api.main:71  plants registry ready
2026-08-21T14:05:23  INFO      cdm.api.main:47  CDM API starting — log directory: C:\Users\akshay.patil\OneDrive - TRIDIAGONAL.AI PRIVATE LIMITED\Desktop\TAI_Projects\dev\DecisionOps_dev\p0\data\logs
2026-08-21T14:05:23  INFO      cdm.api.main:55  Object-store container ready: staging-pt
2026-08-21T14:05:32  INFO      cdm.api.main:47  CDM API starting — log directory: C:\Users\akshay.patil\OneDrive - TRIDIAGONAL.AI PRIVATE LIMITED\Desktop\TAI_Projects\dev\DecisionOps_dev\p0\data\logs
2026-08-21T14:05:32  INFO      cdm.api.main:55  Object-store container ready: staging-pt
2026-08-21T14:05:39  INFO      cdm.api.main:71  plants registry ready
2026-08-21T14:06:16  INFO      cdm.api.main:47  CDM API starting — log directory: C:\Users\akshay.patil\OneDrive - TRIDIAGONAL.AI PRIVATE LIMITED\Desktop\TAI_Projects\dev\DecisionOps_dev\p0\data\logs
2026-08-21T14:06:16  INFO      cdm.api.main:55  Object-store container ready: staging-pt
2026-08-21T14:06:22  INFO      cdm.api.main:71  plants registry ready
2026-08-21T14:12:16  INFO      cdm.api.main:47  CDM API starting — log directory: C:\Users\akshay.patil\OneDrive - TRIDIAGONAL.AI PRIVATE LIMITED\Desktop\TAI_Projects\dev\DecisionOps_dev\p0\data\logs
2026-08-21T14:12:17  INFO      cdm.api.main:55  Object-store container ready: staging-pt
2026-08-21T14:12:43  INFO      cdm.api.main:71  plants registry ready
2026-08-22T11:15:40  INFO      cdm.api.main:47  CDM API starting — log directory: C:\Users\akshay.patil\OneDrive - TRIDIAGONAL.AI PRIVATE LIMITED\Desktop\TAI_Projects\dev\DecisionOps_dev\p0\data\logs
2026-08-22T11:15:41  INFO      cdm.api.main:55  Object-store container ready: bronze
2026-08-22T11:15:42  INFO      cdm.api.main:71  plants registry ready
2026-08-22T11:16:35  INFO      cdm.api.main:47  CDM API starting — log directory: C:\Users\akshay.patil\OneDrive - TRIDIAGONAL.AI PRIVATE LIMITED\Desktop\TAI_Projects\dev\DecisionOps_dev\p0\data\logs
2026-08-22T11:16:36  INFO      cdm.api.main:55  Object-store container ready: bronze
2026-08-22T11:16:37  INFO      cdm.api.main:71  plants registry ready
2026-08-22T11:21:23  DEBUG     p0.user_management.api.v1.user_management_api:292  Users being updated in Postgres: ['akshay.patil']
2026-08-22T11:21:23  DEBUG     p0.user_management.api.v1.user_management_api:310  Fetched new permissions for akshay.patil: {'ADNOC': {'modelfactory': ['v', 'c', 'm', 'd']}, 'Plant1': {'modelfactory': ['v', 'c', 'm', 'd']}, 'RR1': {'modelfactory': ['v', 'c', 'm', 'd']}}
2026-08-22T11:21:23  DEBUG     p0.user_management.api.v1.user_management_api:318  Updated Redis session Oheiy5CyX99ez0J0Zfe6BQxdSuXIbvNe_ZjB_a3ppeM for user akshay.patil
2026-08-22T11:31:51  DEBUG     p0.user_management.api.v1.user_management_api:292  Users being updated in Postgres: ['akshay.patil']
2026-08-22T11:31:51  DEBUG     p0.user_management.api.v1.user_management_api:310  Fetched new permissions for akshay.patil: {'ADNOC': {'modelfactory': ['v', 'c', 'm', 'd']}, 'plant1': {'modelfactory': ['v', 'c', 'm', 'd']}, 'Plant1': {'modelfactory': ['v', 'c', 'm', 'd']}, 'RR1': {'modelfactory': ['v', 'c', 'm', 'd']}}
2026-08-22T11:31:51  DEBUG     p0.user_management.api.v1.user_management_api:318  Updated Redis session Oheiy5CyX99ez0J0Zfe6BQxdSuXIbvNe_ZjB_a3ppeM for user akshay.patil
2026-08-22T12:48:59  INFO      cdm.api.main:47  CDM API starting — log directory: C:\Users\akshay.patil\OneDrive - TRIDIAGONAL.AI PRIVATE LIMITED\Desktop\TAI_Projects\dev\DecisionOps_dev\p0\data\logs
2026-08-22T12:49:00  INFO      cdm.api.main:55  Object-store container ready: bronze
2026-08-22T12:49:01  INFO      cdm.api.main:71  plants registry ready
2026-08-22T12:52:14  INFO      cdm.api.main:47  CDM API starting — log directory: C:\Users\akshay.patil\OneDrive - TRIDIAGONAL.AI PRIVATE LIMITED\Desktop\TAI_Projects\dev\DecisionOps_dev\p0\data\logs
2026-08-22T12:52:14  INFO      cdm.api.main:55  Object-store container ready: bronze
2026-08-22T12:52:15  INFO      cdm.api.main:71  plants registry ready
2026-08-22T13:03:42  INFO      cdm.api.main:47  CDM API starting — log directory: C:\Users\akshay.patil\OneDrive - TRIDIAGONAL.AI PRIVATE LIMITED\Desktop\TAI_Projects\dev\DecisionOps_dev\p0\data\logs
2026-08-22T13:03:42  INFO      cdm.api.main:55  Object-store container ready: bronze
2026-08-22T13:03:43  INFO      cdm.api.main:71  plants registry ready
2026-08-22T13:05:45  DEBUG     p0.user_management.api.v1.user_management_api:292  Users being updated in Postgres: ['akshay.patil']
2026-08-22T13:05:45  DEBUG     p0.user_management.api.v1.user_management_api:310  Fetched new permissions for akshay.patil: {'ADNOC': {'modelfactory': ['v', 'c', 'm', 'd']}, 'plant1': {'modelfactory': ['v', 'c', 'm']}, 'Plant1': {'modelfactory': ['v', 'c', 'm', 'd']}, 'RR1': {'modelfactory': ['v', 'c', 'm', 'd']}}
2026-08-22T13:05:45  DEBUG     p0.user_management.api.v1.user_management_api:318  Updated Redis session WtfSBH0BrCLKZzr1BqC9nd6eknaLB-vggReFo-aYTfU for user akshay.patil
2026-08-22T13:07:08  INFO      cdm.api.main:47  CDM API starting — log directory: C:\Users\akshay.patil\OneDrive - TRIDIAGONAL.AI PRIVATE LIMITED\Desktop\TAI_Projects\dev\DecisionOps_dev\p0\data\logs
2026-08-22T13:07:09  INFO      cdm.api.main:55  Object-store container ready: bronze
2026-08-22T13:07:10  INFO      cdm.api.main:71  plants registry ready
2026-08-22T14:59:48  INFO      cdm.api.main:47  CDM API starting — log directory: C:\Users\akshay.patil\OneDrive - TRIDIAGONAL.AI PRIVATE LIMITED\Desktop\TAI_Projects\dev\DecisionOps_dev\p0\data\logs
2026-08-22T14:59:49  INFO      cdm.api.main:55  Object-store container ready: bronze
2026-08-22T14:59:51  INFO      cdm.api.main:71  plants registry ready
2026-08-24T09:55:13  INFO      cdm.api.main:33  CDM API starting — log directory: C:\Users\akshay.patil\OneDrive - TRIDIAGONAL.AI PRIVATE LIMITED\Desktop\TAI_Projects\dev\DecisionOps_dev\p0\data\logs
2026-08-24T09:55:14  INFO      cdm.api.main:41  Object-store container ready: bronze
2026-08-24T09:55:15  INFO      cdm.api.main:57  plants registry ready
2026-08-24T09:58:35  DEBUG     p0.user_management.api.v1.user_management_api:292  Users being updated in Postgres: ['akshay.patil']
2026-08-24T10:03:19  DEBUG     p0.user_management.api.v1.user_management_api:292  Users being updated in Postgres: ['akshay.patil']
2026-08-24T17:00:18  INFO      cdm.api.main:47  CDM API starting — log directory: C:\Users\akshay.patil\OneDrive - TRIDIAGONAL.AI PRIVATE LIMITED\Desktop\TAI_Projects\dev\DecisionOps_dev\p0\data\logs
2026-08-24T17:00:19  INFO      cdm.api.main:55  Object-store container ready: staging-pt
2026-08-24T17:00:22  INFO      cdm.api.main:71  plants registry ready
2026-08-24T18:20:52  INFO      cdm.api.main:33  CDM API starting — log directory: C:\Users\akshay.patil\OneDrive - TRIDIAGONAL.AI PRIVATE LIMITED\Desktop\TAI_Projects\dev\DecisionOps_dev\p0\data\logs
2026-08-24T18:20:52  INFO      cdm.api.main:41  Object-store container ready: staging-pt
2026-08-24T18:21:27  INFO      cdm.api.main:33  CDM API starting — log directory: C:\Users\akshay.patil\OneDrive - TRIDIAGONAL.AI PRIVATE LIMITED\Desktop\TAI_Projects\dev\DecisionOps_dev\p0\data\logs
2026-08-24T18:21:28  INFO      cdm.api.main:41  Object-store container ready: bronze
2026-08-24T18:21:30  INFO      cdm.api.main:57  plants registry ready
2026-08-24T18:23:32  INFO      cdm.api.main:33  CDM API starting — log directory: C:\Users\akshay.patil\OneDrive - TRIDIAGONAL.AI PRIVATE LIMITED\Desktop\TAI_Projects\dev\DecisionOps_dev\p0\data\logs
2026-08-24T18:23:32  INFO      cdm.api.main:41  Object-store container ready: bronze
2026-08-24T18:23:34  INFO      cdm.api.main:57  plants registry ready
2026-08-24T18:28:01  INFO      cdm.api.main:33  CDM API starting — log directory: C:\Users\akshay.patil\OneDrive - TRIDIAGONAL.AI PRIVATE LIMITED\Desktop\TAI_Projects\dev\DecisionOps_dev\p0\data\logs
2026-08-24T18:28:01  INFO      cdm.api.main:41  Object-store container ready: staging-pt
2026-08-24T18:28:29  INFO      cdm.api.main:33  CDM API starting — log directory: C:\Users\akshay.patil\OneDrive - TRIDIAGONAL.AI PRIVATE LIMITED\Desktop\TAI_Projects\dev\DecisionOps_dev\p0\data\logs
2026-08-24T18:28:29  INFO      cdm.api.main:41  Object-store container ready: bronze
2026-08-24T18:28:31  INFO      cdm.api.main:57  plants registry ready
2026-08-24T18:34:21  INFO      cdm.api.main:33  CDM API starting — log directory: C:\Users\akshay.patil\OneDrive - TRIDIAGONAL.AI PRIVATE LIMITED\Desktop\TAI_Projects\dev\DecisionOps_dev\p0\data\logs
2026-08-24T18:34:22  INFO      cdm.api.main:41  Object-store container ready: bronze
2026-08-24T18:34:23  INFO      cdm.api.main:57  plants registry ready
2026-08-25T10:19:23  INFO      cdm.api.main:33  CDM API starting — log directory: C:\Users\akshay.patil\OneDrive - TRIDIAGONAL.AI PRIVATE LIMITED\Desktop\TAI_Projects\dev\DecisionOps_dev\p0\data\logs
2026-08-25T10:20:03  INFO      cdm.api.main:33  CDM API starting — log directory: C:\Users\akshay.patil\OneDrive - TRIDIAGONAL.AI PRIVATE LIMITED\Desktop\TAI_Projects\dev\DecisionOps_dev\p0\data\logs
2026-08-25T10:20:05  INFO      cdm.api.main:41  Object-store container ready: bronze
2026-08-25T10:20:09  INFO      cdm.api.main:57  plants registry ready
2026-08-25T10:23:47  INFO      cdm.api.main:33  CDM API starting — log directory: C:\Users\akshay.patil\OneDrive - TRIDIAGONAL.AI PRIVATE LIMITED\Desktop\TAI_Projects\dev\DecisionOps_dev\p0\data\logs
2026-08-25T10:23:48  INFO      cdm.api.main:41  Object-store container ready: bronze
2026-08-25T10:23:50  INFO      cdm.api.main:57  plants registry ready
2026-08-25T10:27:51  INFO      cdm.api.main:33  CDM API starting — log directory: C:\Users\akshay.patil\OneDrive - TRIDIAGONAL.AI PRIVATE LIMITED\Desktop\TAI_Projects\dev\DecisionOps_dev\p0\data\logs
2026-08-25T10:27:51  INFO      cdm.api.main:41  Object-store container ready: bronze
2026-08-25T10:27:53  INFO      cdm.api.main:57  plants registry ready
2026-08-25T11:14:02  INFO      cdm.api.main:33  CDM API starting — log directory: C:\Users\akshay.patil\OneDrive - TRIDIAGONAL.AI PRIVATE LIMITED\Desktop\TAI_Projects\dev\DecisionOps_dev\p0\data\logs
2026-08-25T11:14:03  INFO      cdm.api.main:41  Object-store container ready: bronze
2026-08-25T11:14:04  INFO      cdm.api.main:57  plants registry ready
2026-08-25T11:44:41  INFO      cdm.api.main:33  CDM API starting — log directory: C:\Users\akshay.patil\OneDrive - TRIDIAGONAL.AI PRIVATE LIMITED\Desktop\TAI_Projects\dev\DecisionOps_dev\p0\data\logs
2026-08-25T11:44:41  INFO      cdm.api.main:41  Object-store container ready: staging-pt
2026-08-25T11:44:44  INFO      cdm.api.main:57  plants registry ready
2026-08-25T12:00:13  INFO      cdm.api.main:33  CDM API starting — log directory: C:\Users\akshay.patil\OneDrive - TRIDIAGONAL.AI PRIVATE LIMITED\Desktop\TAI_Projects\dev\DecisionOps_dev\p0\data\logs
2026-08-25T12:00:14  INFO      cdm.api.main:41  Object-store container ready: staging-pt
2026-08-25T12:00:17  INFO      cdm.api.main:57  plants registry ready
2026-08-25T12:04:05  DEBUG     p0.user_management.api.v1.user_management_api:292  Users being updated in Postgres: ['akshay.patil']
2026-08-25T12:04:05  DEBUG     p0.user_management.api.v1.user_management_api:310  Fetched new permissions for akshay.patil: {'adnoc': {'modelfactory': ['v', 'c', 'm', 'd', 'v', 'c', 'm', 'd']}, 'plant_1': {'modelfactory': ['v', 'c', 'm']}}
2026-08-25T12:04:05  DEBUG     p0.user_management.api.v1.user_management_api:318  Updated Redis session 7wQCG-y7bLhy9w3AqH3ecq1jjyJbABEC5ajAan8_54A for user akshay.patil
2026-08-25T12:04:45  DEBUG     p0.user_management.api.v1.user_management_api:292  Users being updated in Postgres: ['akshay.patil']
2026-08-25T12:04:45  DEBUG     p0.user_management.api.v1.user_management_api:310  Fetched new permissions for akshay.patil: {'adnoc': {'modelfactory': ['v', 'c', 'm', 'd', 'v', 'c', 'm', 'd']}, 'plant_1': {'modelfactory': ['v', 'c', 'm']}, 'plant1': {'modelfactory': ['v', 'c', 'm', 'd']}}
2026-08-25T12:04:45  DEBUG     p0.user_management.api.v1.user_management_api:318  Updated Redis session 7wQCG-y7bLhy9w3AqH3ecq1jjyJbABEC5ajAan8_54A for user akshay.patil
2026-08-25T15:59:02  INFO      cdm.api.main:33  CDM API starting — log directory: C:\Users\akshay.patil\OneDrive - TRIDIAGONAL.AI PRIVATE LIMITED\Desktop\TAI_Projects\dev\DecisionOps_dev\p0\data\logs
2026-08-25T15:59:02  INFO      cdm.api.main:41  Object-store container ready: staging-pt
2026-08-25T15:59:15  INFO      cdm.api.main:57  plants registry ready
2026-08-25T16:00:37  WARNING   p0.plants:1008  [plants] schema migration for BOKOR_TEST_2 skipped: 502: Database connection error: Database 'decisionops_bokor_test_2' does not exist.
2026-08-25T16:00:37  WARNING   p0.plants:1008  [plants] schema migration for BOKOR_TEST_3 skipped: 502: Database connection error: Database 'decisionops_bokor_test_3' does not exist.
2026-08-25T16:00:38  WARNING   p0.plants:1008  [plants] schema migration for BOKOR_TEST_4 skipped: 502: Database connection error: Database 'decisionops_bokor_test_4' does not exist.
2026-08-25T16:00:38  WARNING   p0.plants:1008  [plants] schema migration for BOKOR_TEST_5 skipped: 502: Database connection error: Database 'decisionops_bokor_test_5' does not exist.
2026-08-25T16:00:45  WARNING   p0.audit:184  [audit] list_jobs failed: 502: Database connection error: Database 'decisionops_bokor_test_2' does not exist.
2026-08-25T16:00:45  WARNING   p0.audit:184  [audit] list_jobs failed: 502: Database connection error: Database 'decisionops_bokor_test_3' does not exist.
2026-08-25T16:00:45  WARNING   p0.audit:184  [audit] list_jobs failed: 502: Database connection error: Database 'decisionops_bokor_test_4' does not exist.
2026-08-25T16:00:45  WARNING   p0.audit:184  [audit] list_jobs failed: 502: Database connection error: Database 'decisionops_bokor_test_5' does not exist.
2026-08-25T16:06:17  INFO      cdm.api.main:33  CDM API starting — log directory: C:\Users\akshay.patil\OneDrive - TRIDIAGONAL.AI PRIVATE LIMITED\Desktop\TAI_Projects\dev\DecisionOps_dev\p0\data\logs
2026-08-25T16:06:17  INFO      cdm.api.main:41  Object-store container ready: staging-pt
2026-08-25T16:06:30  INFO      cdm.api.main:57  plants registry ready
2026-08-25T16:07:51  WARNING   p0.plants:1008  [plants] schema migration for BOKOR_TEST_2 skipped: 502: Database connection error: Database 'decisionops_bokor_test_2' does not exist.
2026-08-25T16:07:52  WARNING   p0.plants:1008  [plants] schema migration for BOKOR_TEST_3 skipped: 502: Database connection error: Database 'decisionops_bokor_test_3' does not exist.
2026-08-25T16:07:52  WARNING   p0.plants:1008  [plants] schema migration for BOKOR_TEST_4 skipped: 502: Database connection error: Database 'decisionops_bokor_test_4' does not exist.
2026-08-25T16:07:52  WARNING   p0.plants:1008  [plants] schema migration for BOKOR_TEST_5 skipped: 502: Database connection error: Database 'decisionops_bokor_test_5' does not exist.
2026-08-25T16:08:00  WARNING   p0.audit:184  [audit] list_jobs failed: 502: Database connection error: Database 'decisionops_bokor_test_2' does not exist.
2026-08-25T16:08:00  WARNING   p0.audit:184  [audit] list_jobs failed: 502: Database connection error: Database 'decisionops_bokor_test_3' does not exist.
2026-08-25T16:08:00  WARNING   p0.audit:184  [audit] list_jobs failed: 502: Database connection error: Database 'decisionops_bokor_test_4' does not exist.
2026-08-25T16:08:00  WARNING   p0.audit:184  [audit] list_jobs failed: 502: Database connection error: Database 'decisionops_bokor_test_5' does not exist.
2026-08-25T18:09:39  INFO      cdm.api.main:33  CDM API starting — log directory: C:\Users\akshay.patil\OneDrive - TRIDIAGONAL.AI PRIVATE LIMITED\Desktop\TAI_Projects\dev\DecisionOps_dev\p0\data\logs
2026-08-25T18:09:39  INFO      cdm.api.main:41  Object-store container ready: staging-pt
2026-08-25T18:09:50  INFO      cdm.api.main:57  plants registry ready
2026-08-25T18:10:17  INFO      cdm.api.main:33  CDM API starting — log directory: C:\Users\akshay.patil\OneDrive - TRIDIAGONAL.AI PRIVATE LIMITED\Desktop\TAI_Projects\dev\DecisionOps_dev\p0\data\logs
2026-08-25T18:10:18  INFO      cdm.api.main:41  Object-store container ready: staging-pt
2026-08-25T18:10:23  INFO      cdm.api.main:57  plants registry ready
2026-08-25T18:10:39  WARNING   p0.plants:1008  [plants] schema migration for BOKOR_TEST_2 skipped: 502: Database connection error: Database 'decisionops_bokor_test_2' does not exist.
2026-08-25T18:10:40  WARNING   p0.plants:1008  [plants] schema migration for BOKOR_TEST_3 skipped: 502: Database connection error: Database 'decisionops_bokor_test_3' does not exist.
2026-08-25T18:10:40  WARNING   p0.plants:1008  [plants] schema migration for BOKOR_TEST_4 skipped: 502: Database connection error: Database 'decisionops_bokor_test_4' does not exist.
2026-08-25T18:10:40  WARNING   p0.plants:1008  [plants] schema migration for BOKOR_TEST_5 skipped: 502: Database connection error: Database 'decisionops_bokor_test_5' does not exist.
2026-08-25T18:10:47  WARNING   p0.audit:184  [audit] list_jobs failed: 502: Database connection error: Database 'decisionops_bokor_test_2' does not exist.
2026-08-25T18:10:47  WARNING   p0.audit:184  [audit] list_jobs failed: 502: Database connection error: Database 'decisionops_bokor_test_3' does not exist.
2026-08-25T18:10:47  WARNING   p0.audit:184  [audit] list_jobs failed: 502: Database connection error: Database 'decisionops_bokor_test_4' does not exist.
2026-08-25T18:10:47  WARNING   p0.audit:184  [audit] list_jobs failed: 502: Database connection error: Database 'decisionops_bokor_test_5' does not exist.
2026-08-25T18:11:14  WARNING   p0.plants:1008  [plants] schema migration for BOKOR_TEST_2 skipped: 502: Database connection error: Database 'decisionops_bokor_test_2' does not exist.
2026-08-25T18:11:14  WARNING   p0.plants:1008  [plants] schema migration for BOKOR_TEST_3 skipped: 502: Database connection error: Database 'decisionops_bokor_test_3' does not exist.
2026-08-25T18:11:15  WARNING   p0.plants:1008  [plants] schema migration for BOKOR_TEST_4 skipped: 502: Database connection error: Database 'decisionops_bokor_test_4' does not exist.
2026-08-25T18:11:15  WARNING   p0.plants:1008  [plants] schema migration for BOKOR_TEST_5 skipped: 502: Database connection error: Database 'decisionops_bokor_test_5' does not exist.
2026-08-25T18:11:21  WARNING   p0.audit:184  [audit] list_jobs failed: 502: Database connection error: Database 'decisionops_bokor_test_2' does not exist.
2026-08-25T18:11:21  WARNING   p0.audit:184  [audit] list_jobs failed: 502: Database connection error: Database 'decisionops_bokor_test_3' does not exist.
2026-08-25T18:11:21  WARNING   p0.audit:184  [audit] list_jobs failed: 502: Database connection error: Database 'decisionops_bokor_test_4' does not exist.
2026-08-25T18:11:21  WARNING   p0.audit:184  [audit] list_jobs failed: 502: Database connection error: Database 'decisionops_bokor_test_5' does not exist.
2026-08-25T18:15:14  INFO      cdm.api.main:33  CDM API starting — log directory: C:\Users\akshay.patil\OneDrive - TRIDIAGONAL.AI PRIVATE LIMITED\Desktop\TAI_Projects\dev\DecisionOps_dev\p0\data\logs
2026-08-25T18:15:15  INFO      cdm.api.main:41  Object-store container ready: bronze
2026-08-25T18:15:16  INFO      cdm.api.main:57  plants registry ready
2026-08-25T18:22:11  INFO      cdm.api.main:33  CDM API starting — log directory: C:\Users\akshay.patil\OneDrive - TRIDIAGONAL.AI PRIVATE LIMITED\Desktop\TAI_Projects\dev\DecisionOps_dev\p0\data\logs
2026-08-25T18:22:11  INFO      cdm.api.main:41  Object-store container ready: bronze
2026-08-25T18:22:13  INFO      cdm.api.main:57  plants registry ready
2026-08-25T18:22:30  INFO      cdm.api.main:33  CDM API starting — log directory: C:\Users\akshay.patil\OneDrive - TRIDIAGONAL.AI PRIVATE LIMITED\Desktop\TAI_Projects\dev\DecisionOps_dev\p0\data\logs
2026-08-25T18:22:30  INFO      cdm.api.main:41  Object-store container ready: bronze
2026-08-25T18:22:31  INFO      cdm.api.main:57  plants registry ready
2026-08-25T18:24:04  INFO      cdm.api.main:33  CDM API starting — log directory: C:\Users\akshay.patil\OneDrive - TRIDIAGONAL.AI PRIVATE LIMITED\Desktop\TAI_Projects\dev\DecisionOps_dev\p0\data\logs
2026-08-25T18:24:04  INFO      cdm.api.main:41  Object-store container ready: bronze
2026-08-25T18:24:05  INFO      cdm.api.main:57  plants registry ready
2026-08-25T18:24:11  INFO      p0.plants:966  [plants] dropped database: decisionops_plant_1_testcase
2026-08-25T18:24:12  INFO      p0.plants:925  [plants] created database: decisionops_plant_1_testcase
2026-08-25T18:24:18  INFO      p0.plants:846  [plants] dropped superseded index uq_asset_strategy on asset_strategy
2026-08-25T18:24:18  INFO      p0.plants:846  [plants] dropped superseded index uq_bom_item on bom_item
2026-08-25T18:24:18  INFO      p0.plants:846  [plants] dropped superseded index uq_gloc_event on containment_event_gloc
2026-08-25T18:24:18  INFO      p0.plants:846  [plants] dropped superseded index uq_lopc_event on containment_event_lopc
2026-08-25T18:24:18  INFO      p0.plants:846  [plants] dropped superseded index uq_doc_plant_record on document_metadata
2026-08-25T18:24:18  INFO      p0.plants:846  [plants] dropped superseded index uq_equip_plant_asset on equipment
2026-08-25T18:24:19  INFO      p0.plants:846  [plants] dropped superseded index uq_conn_identity on equipment_connectivity
2026-08-25T18:24:19  INFO      p0.plants:846  [plants] dropped superseded index uq_pid_plant_tag on equipment_pid
2026-08-25T18:24:19  INFO      p0.plants:846  [plants] dropped superseded index uq_fc on failure_cause
2026-08-25T18:24:19  INFO      p0.plants:846  [plants] dropped superseded index uq_fe on failure_effect
2026-08-25T18:24:19  INFO      p0.plants:846  [plants] dropped superseded index uq_fm on failure_mode
2026-08-25T18:24:19  INFO      p0.plants:846  [plants] dropped superseded index uq_flow_file on flow_state
2026-08-25T18:24:19  INFO      p0.plants:846  [plants] dropped superseded index uq_flow_file_cat on flow_state
2026-08-25T18:24:19  INFO      p0.plants:846  [plants] dropped superseded index uq_flow_file_named on flow_state
2026-08-25T18:24:19  INFO      p0.plants:846  [plants] dropped superseded index uq_floc_plant_code on functional_location
2026-08-25T18:24:19  INFO      p0.plants:846  [plants] dropped superseded index uq_inspection on inspection_record
2026-08-25T18:24:20  INFO      p0.plants:846  [plants] dropped superseded index uq_aif_finding on inspection_record_aif
2026-08-25T18:24:20  INFO      p0.plants:846  [plants] dropped superseded index uq_integrated_row on integrated_view
2026-08-25T18:24:20  INFO      p0.plants:846  [plants] dropped superseded index uq_plan_plant_id on maintenance_plan
2026-08-25T18:24:20  INFO      p0.plants:846  [plants] dropped superseded index uq_notif_plant_id on notification
2026-08-25T18:24:20  INFO      p0.plants:846  [plants] dropped superseded index uq_op_state on operating_state_log
2026-08-25T18:24:20  INFO      p0.plants:846  [plants] dropped superseded index uq_pu_plant_code on process_unit
2026-08-25T18:24:20  INFO      p0.plants:846  [plants] dropped superseded index uq_proof_test on proof_test
2026-08-25T18:24:21  INFO      p0.plants:846  [plants] dropped superseded index uq_repair_action on repair_action
2026-08-25T18:24:21  INFO      p0.plants:846  [plants] dropped superseded index uq_task_list_identity on task_list
2026-08-25T18:24:21  INFO      p0.plants:846  [plants] dropped superseded index uq_ts_plant_tag on timeseries_metadata
2026-08-25T18:24:21  INFO      p0.plants:846  [plants] dropped superseded index uq_wc_plant_code on work_center
2026-08-25T18:24:21  INFO      p0.plants:846  [plants] dropped superseded index uq_wo_plant_number on work_order
2026-08-25T18:24:23  INFO      p0.plants:939  [plants] CDM schema applied + plant row seeded in decisionops_plant_1_testcase
2026-08-25T18:24:29  INFO      p0.api.responses:271  [commit] PLANT_2/aif — reviewed state is empty, nothing to commit
2026-08-25T18:24:30  WARNING   cdm.connector.timeseries:77  [ts/ingest] degenerate device stem from '___.csv' — using 'file'
2026-08-25T18:24:30  WARNING   cdm.connector.timeseries:77  [ts/ingest] degenerate device stem from '已经.csv' — using 'file_abcd1234'
2026-08-25T18:24:30  WARNING   cdm.api.context:281  [db/write] document_metadata is behind schema.yaml — dropping extracted_relationships from this write; run the plant schema migration to keep them
2026-08-25T18:24:30  WARNING   cdm.api.context:281  [db/write] document_metadata is behind schema.yaml — dropping document_type, title, extracted_entities, extracted_relationships, asset_match_confidence, is_active, updated_at from this write; run the plant schema migration to keep them
2026-08-25T18:24:30  WARNING   cdm.api.context:310  [db/write] document_metadata row rejected: simulated row failure on doc 2
2026-08-25T18:24:30  WARNING   cdm.api.context:316  [db/write] document_metadata: 1 row(s) rejected, 2 committed
2026-08-25T18:24:30  WARNING   cdm.api.context:281  [db/write] document_metadata is behind schema.yaml — dropping document_type, title, extracted_entities, asset_match_confidence, is_active, updated_at from this write; run the plant schema migration to keep them
2026-08-25T18:24:30  WARNING   cdm.api.context:214  [context/docs/commit] DEPRECATED bare-list body — send {plant_code_id, rows[, upload_batch_id]} instead.
2026-08-25T18:24:30  INFO      p0.api.routers.context:1796  [context/docs/commit] POST /docs/commit — plant_code_id=CDM  upload_batch_id=(none)  body rows: 1
2026-08-25T18:24:30  INFO      p0.api.routers.context:1861  [context/docs/commit] document_metadata: 1 rows written
2026-08-25T18:24:30  INFO      p0.api.routers.context:1873  [context/docs/commit] COMMIT COMPLETE — total=1
2026-08-25T18:24:30  WARNING   p0.audit:30  [audit] write failed: 400: {'success': False, 'message': "plant_code_id 'CDM' is not registered", 'errors': [{'field': 'plant_code_id', 'message': "plant_code_id 'CDM' is not registered"}]}
2026-08-25T18:24:30  WARNING   p0.flow:577  [flow] list_flow failed: 400: {'success': False, 'message': "plant_code_id 'CDM' is not registered", 'errors': [{'field': 'plant_code_id', 'message': "plant_code_id 'CDM' is not registered"}]}
2026-08-25T18:24:30  INFO      p0.api.routers.context:1484  [context/docs] GET /docs — plant=plant_1_testcase  upload_batch_id=(none)  doc_types=(all)
2026-08-25T18:24:30  INFO      p0.api.routers.context:1496  [context/docs] 5 rows from RustFS
2026-08-25T18:24:30  INFO      p0.api.routers.context:1553  [context/docs] returning 5 rows  categories=2  scope=none
2026-08-25T18:24:30  INFO      p0.api.routers.context:1484  [context/docs] GET /docs — plant=plant_1_testcase  upload_batch_id=(none)  doc_types=(all)
2026-08-25T18:24:30  INFO      p0.api.routers.context:1496  [context/docs] 5 rows from RustFS
2026-08-25T18:24:30  INFO      p0.api.routers.context:1553  [context/docs] returning 5 rows  categories=2  scope=none
2026-08-25T18:24:30  INFO      p0.api.routers.context:1484  [context/docs] GET /docs — plant=plant_1_testcase  upload_batch_id=A,B  doc_types=(all)
2026-08-25T18:24:30  INFO      p0.api.routers.context:1496  [context/docs] 5 rows from RustFS
2026-08-25T18:24:30  DEBUG     p0.api.routers.context:1526  [context/docs] upload_batch_id filter → 5/5 rows (applied=True)
2026-08-25T18:24:30  INFO      p0.api.routers.context:1553  [context/docs] returning 5 rows  categories=2  scope=upload_batch_id
2026-08-25T18:24:30  INFO      p0.api.routers.context:1484  [context/docs] GET /docs — plant=plant_1_testcase  upload_batch_id=A  doc_types=(all)
2026-08-25T18:24:30  INFO      p0.api.routers.context:1496  [context/docs] 5 rows from RustFS
2026-08-25T18:24:30  DEBUG     p0.api.routers.context:1526  [context/docs] upload_batch_id filter → 3/5 rows (applied=True)
2026-08-25T18:24:30  INFO      p0.api.routers.context:1553  [context/docs] returning 3 rows  categories=1  scope=upload_batch_id
2026-08-25T18:24:30  INFO      cdm.connector.documents:101  [docs/upload] persisted doc-type config: sop → 9 field(s) (template=9, incoming=0, merged union)
2026-08-25T18:24:31  INFO      cdm.connector.docs:1002  [docs/upload] START  job_id=46aaafa7-4b29-4cff-a647-2db717375fdc  doc_types=sop  files=1  rustfs=s3://abfs://bronze/p0/staging-pt/plant_1_testcase/documents
2026-08-25T18:24:31  INFO      cdm.connector.docs:1133  [docs/upload] UPLOADED scope_guard_sop.pdf (0.1 KB) → s3://abfs://bronze/p0/staging-pt/plant_1_testcase/documents/sop/scope_guard_sop.pdf
2026-08-25T18:24:31  INFO      cdm.connector.docs:1396  [docs/upload] SUMMARY  job_id=46aaafa7-4b29-4cff-a647-2db717375fdc  accepted=1  rejected=0  rustfs=s3://abfs://bronze/p0/staging-pt/plant_1_testcase/documents
2026-08-25T18:24:31  INFO      cdm.connector.documents:101  [docs/upload] persisted doc-type config: my_custom_logs → 3 field(s) (template=0, incoming=3, merged union)
2026-08-25T18:24:31  INFO      cdm.connector.documents:101  [docs/upload] persisted doc-type config: custom_jsa → 3 field(s) (template=0, incoming=3, merged union)
2026-08-25T18:24:32  INFO      cdm.connector.documents:101  [docs/upload] persisted doc-type config: custom_a → 1 field(s) (template=0, incoming=1, merged union)
2026-08-25T18:24:32  INFO      cdm.connector.documents:101  [docs/upload] persisted doc-type config: custom_b → 1 field(s) (template=0, incoming=1, merged union)
2026-08-25T18:24:32  INFO      cdm.connector.documents:101  [docs/upload] persisted doc-type config: hazop → 13 field(s) (template=13, incoming=0, merged union)
2026-08-25T18:24:32  INFO      cdm.connector.documents:101  [docs/upload] persisted doc-type config: hazop → 14 field(s) (template=13, incoming=2, merged union)
2026-08-25T18:24:32  INFO      cdm.connector.documents:101  [docs/upload] persisted doc-type config: equipment_datasheets → 11 field(s) (template=11, incoming=1, merged union)
2026-08-25T18:24:35  DEBUG     cdm.connector.pnid:288  [pnid/existing] GET — listing files under s3://bronze/p0/staging-pt/plant_1_testcase/pnid
2026-08-25T18:24:37  INFO      p0.api.routers.context:462  [context/pnid] GET /pnid — plant=plant_1_testcase  upload_batch_id=(none)
2026-08-25T18:24:37  DEBUG     p0.api.routers.context:474  [context/pnid] RustFS paths: ep=abfs://bronze/p0/processed_data/plant_1_testcase/pnid/equipment_pid.parquet  ec=abfs://bronze/p0/processed_data/plant_1_testcase/pnid/equipment_connectivity.parquet
2026-08-25T18:24:37  WARNING   cdm.api.context:49  [rustfs] parquet read failed for abfs://bronze/p0/processed_data/plant_1_testcase/pnid/equipment_pid.parquet: [Errno 2] No such file or directory: 'bronze/p0/processed_data/plant_1_testcase/pnid/equipment_pid.parquet'
2026-08-25T18:24:38  WARNING   cdm.api.context:49  [rustfs] parquet read failed for abfs://bronze/p0/processed_data/plant_1_testcase/pnid/equipment_connectivity.parquet: [Errno 2] No such file or directory: 'bronze/p0/processed_data/plant_1_testcase/pnid/equipment_connectivity.parquet'
2026-08-25T18:24:38  DEBUG     p0.api.routers.context:498  [context/pnid] processed_data empty — falling back to canonical out_dir
2026-08-25T18:24:38  WARNING   cdm.api.context:83  [context/pnid] rustfs staging listing failed: [Errno 2] No such file or directory: 'bronze/p0/staging-pt/plant_1_testcase/pnid'
2026-08-25T18:24:38  DEBUG     p0.api.routers.context:524  [context/pnid] pnid_images listed: 0
2026-08-25T18:24:38  INFO      p0.api.routers.context:594  [context/pnid] returning: equipment_pid=0  equipment_connectivity=0  images=0  scope=none
2026-08-25T18:24:38  INFO      p0.api.routers.context:1484  [context/docs] GET /docs — plant=plant_1_testcase  upload_batch_id=(none)  doc_types=(all)
2026-08-25T18:24:38  DEBUG     p0.api.routers.context:1499  [context/docs] processed_data empty — falling back to canonical out_dir
2026-08-25T18:24:38  INFO      p0.api.routers.context:1553  [context/docs] returning 0 rows  categories=0  scope=none
2026-08-25T18:24:38  INFO      p0.api.routers.context:1969  [context/ts] GET /ts — plant=plant_1_testcase  upload_batch_id=(none)  source_file=(none)
2026-08-25T18:24:39  WARNING   cdm.api.context:49  [rustfs] parquet read failed for abfs://bronze/p0/processed_data/plant_1_testcase/timeseries/ts_timeseries_metadata.parquet: [Errno 2] No such file or directory: 'bronze/p0/processed_data/plant_1_testcase/timeseries/ts_timeseries_metadata.parquet'
2026-08-25T18:24:39  DEBUG     p0.api.routers.context:1997  [context/ts] RustFS empty/missing, trying local OUT_DIR
2026-08-25T18:24:39  WARNING   cdm.api.context:49  [rustfs] parquet read failed for abfs://bronze/p0/processed_data/plant_1_testcase/sap_mapping/sap_pid_mapping.parquet: [Errno 2] No such file or directory: 'bronze/p0/processed_data/plant_1_testcase/sap_mapping/sap_pid_mapping.parquet'
2026-08-25T18:24:39  INFO      p0.api.routers.context:2832  [context/sap_mapping] GET — plant=plant_1_testcase  rows=0
2026-08-25T18:24:42  WARNING   p0.audit:278  [audit] list_commits failed: 400: {'success': False, 'message': "plant_code_id '   ' is not registered", 'errors': [{'field': 'plant_code_id', 'message': "plant_code_id '   ' is not registered"}]}
2026-08-25T18:24:42  WARNING   p0.audit:278  [audit] list_commits failed: 400: {'success': False, 'message': "plant_code_id '   ' is not registered", 'errors': [{'field': 'plant_code_id', 'message': "plant_code_id '   ' is not registered"}]}
2026-08-25T18:24:43  WARNING   p0.file_metadata:62  [file_metadata] PDF inspection failed: Failed to open stream
2026-08-25T18:24:55  ERROR     p0.api.responses:145  [p0] unhandled error while deleting plant: test tried to drop the database for 'plant_1_testcase' without @pytest.mark.real_provisioning
Traceback (most recent call last):
  File "C:\Users\akshay.patil\OneDrive - TRIDIAGONAL.AI PRIVATE LIMITED\Desktop\TAI_Projects\dev\DecisionOps_dev\p0\api\routers\config_router.py", line 396, in deletePlant
    _delete_plant(plantCode)
  File "C:\Users\akshay.patil\OneDrive - TRIDIAGONAL.AI PRIVATE LIMITED\Desktop\TAI_Projects\dev\DecisionOps_dev\p0\api\plants.py", line 392, in delete_plant
    res = _drop_plant_databases(plant_code_id)
          ^^^^^^^^^^^^^^^^^^^^^^^^^^^^^^^^^^^^
  File "C:\Users\akshay.patil\OneDrive - TRIDIAGONAL.AI PRIVATE LIMITED\Desktop\TAI_Projects\dev\DecisionOps_dev\p0\tests\_p0_test_base.py", line 229, in _no_drop
    raise AssertionError(
AssertionError: test tried to drop the database for 'plant_1_testcase' without @pytest.mark.real_provisioning
2026-08-25T18:24:56  ERROR     p0.api.responses:145  [p0] unhandled error while deleting plant: test tried to drop the database for 'plant_1_testcase' without @pytest.mark.real_provisioning
Traceback (most recent call last):
  File "C:\Users\akshay.patil\OneDrive - TRIDIAGONAL.AI PRIVATE LIMITED\Desktop\TAI_Projects\dev\DecisionOps_dev\p0\api\routers\config_router.py", line 396, in deletePlant
    _delete_plant(plantCode)
  File "C:\Users\akshay.patil\OneDrive - TRIDIAGONAL.AI PRIVATE LIMITED\Desktop\TAI_Projects\dev\DecisionOps_dev\p0\api\plants.py", line 392, in delete_plant
    res = _drop_plant_databases(plant_code_id)
          ^^^^^^^^^^^^^^^^^^^^^^^^^^^^^^^^^^^^
  File "C:\Users\akshay.patil\OneDrive - TRIDIAGONAL.AI PRIVATE LIMITED\Desktop\TAI_Projects\dev\DecisionOps_dev\p0\tests\_p0_test_base.py", line 229, in _no_drop
    raise AssertionError(
AssertionError: test tried to drop the database for 'plant_1_testcase' without @pytest.mark.real_provisioning
2026-08-25T18:24:56  ERROR     p0.api.responses:145  [p0] unhandled error while deleting plant: test tried to drop the database for 'plant_1_testcase' without @pytest.mark.real_provisioning
Traceback (most recent call last):
  File "C:\Users\akshay.patil\OneDrive - TRIDIAGONAL.AI PRIVATE LIMITED\Desktop\TAI_Projects\dev\DecisionOps_dev\p0\api\routers\config_router.py", line 396, in deletePlant
    _delete_plant(plantCode)
  File "C:\Users\akshay.patil\OneDrive - TRIDIAGONAL.AI PRIVATE LIMITED\Desktop\TAI_Projects\dev\DecisionOps_dev\p0\api\plants.py", line 392, in delete_plant
    res = _drop_plant_databases(plant_code_id)
          ^^^^^^^^^^^^^^^^^^^^^^^^^^^^^^^^^^^^
  File "C:\Users\akshay.patil\OneDrive - TRIDIAGONAL.AI PRIVATE LIMITED\Desktop\TAI_Projects\dev\DecisionOps_dev\p0\tests\_p0_test_base.py", line 229, in _no_drop
    raise AssertionError(
AssertionError: test tried to drop the database for 'plant_1_testcase' without @pytest.mark.real_provisioning
2026-08-25T18:24:57  ERROR     p0.api.responses:145  [p0] unhandled error while deleting plant: test tried to drop the database for 'plant_1_testcase' without @pytest.mark.real_provisioning
Traceback (most recent call last):
  File "C:\Users\akshay.patil\OneDrive - TRIDIAGONAL.AI PRIVATE LIMITED\Desktop\TAI_Projects\dev\DecisionOps_dev\p0\api\routers\config_router.py", line 396, in deletePlant
    _delete_plant(plantCode)
  File "C:\Users\akshay.patil\OneDrive - TRIDIAGONAL.AI PRIVATE LIMITED\Desktop\TAI_Projects\dev\DecisionOps_dev\p0\api\plants.py", line 392, in delete_plant
    res = _drop_plant_databases(plant_code_id)
          ^^^^^^^^^^^^^^^^^^^^^^^^^^^^^^^^^^^^
  File "C:\Users\akshay.patil\OneDrive - TRIDIAGONAL.AI PRIVATE LIMITED\Desktop\TAI_Projects\dev\DecisionOps_dev\p0\tests\_p0_test_base.py", line 229, in _no_drop
    raise AssertionError(
AssertionError: test tried to drop the database for 'plant_1_testcase' without @pytest.mark.real_provisioning
2026-08-25T18:24:57  ERROR     p0.api.responses:145  [p0] unhandled error while deleting plant: test tried to drop the database for 'plant_1_testcase' without @pytest.mark.real_provisioning
Traceback (most recent call last):
  File "C:\Users\akshay.patil\OneDrive - TRIDIAGONAL.AI PRIVATE LIMITED\Desktop\TAI_Projects\dev\DecisionOps_dev\p0\api\routers\config_router.py", line 396, in deletePlant
    _delete_plant(plantCode)
  File "C:\Users\akshay.patil\OneDrive - TRIDIAGONAL.AI PRIVATE LIMITED\Desktop\TAI_Projects\dev\DecisionOps_dev\p0\api\plants.py", line 392, in delete_plant
    res = _drop_plant_databases(plant_code_id)
          ^^^^^^^^^^^^^^^^^^^^^^^^^^^^^^^^^^^^
  File "C:\Users\akshay.patil\OneDrive - TRIDIAGONAL.AI PRIVATE LIMITED\Desktop\TAI_Projects\dev\DecisionOps_dev\p0\tests\_p0_test_base.py", line 229, in _no_drop
    raise AssertionError(
AssertionError: test tried to drop the database for 'plant_1_testcase' without @pytest.mark.real_provisioning
2026-08-25T18:24:58  ERROR     p0.api.responses:145  [p0] unhandled error while listing plants: internal detail
NoneType: None
2026-08-25T18:24:58  ERROR     p0.api.responses:145  [p0] unhandled error while saving config: bad input
NoneType: None
2026-08-25T18:24:59  WARNING   p0.object_metadata:74  [object_metadata] sidecar write for staging/BOKOR/docs/sop/Pump SOP.pdf failed: storage unavailable
2026-08-25T18:24:59  WARNING   p0.object_metadata:105  [object_metadata] manifest read for staging/BOKOR/docs/sop failed: Expecting property name enclosed in double quotes: line 1 column 2 (char 1)
2026-08-25T18:24:59  DEBUG     p0.pipeline.progress:131  [progress] unparseable file marker: garbage
2026-08-25T18:24:59  WARNING   p0.flow:577  [flow] list_flow failed: 400: {'success': False, 'message': "plant_code_id 'plant_1_testcase' is not registered", 'errors': [{'field': 'plant_code_id', 'message': "plant_code_id 'plant_1_testcase' is not registered"}]}
2026-08-25T18:24:59  DEBUG     p0.pipeline.progress:112  [progress] unparseable marker: not-json
2026-08-25T18:25:00  WARNING   p0.pipeline.progress:311  [progress] line handler failed: handler exploded
2026-08-25T18:25:01  INFO      p0.plants:925  [plants] created database: decisionops_e2e_51fc708e_testcase
2026-08-25T18:25:07  INFO      p0.plants:846  [plants] dropped superseded index uq_asset_strategy on asset_strategy
2026-08-25T18:25:07  INFO      p0.plants:846  [plants] dropped superseded index uq_bom_item on bom_item
2026-08-25T18:25:07  INFO      p0.plants:846  [plants] dropped superseded index uq_gloc_event on containment_event_gloc
2026-08-25T18:25:07  INFO      p0.plants:846  [plants] dropped superseded index uq_lopc_event on containment_event_lopc
2026-08-25T18:25:07  INFO      p0.plants:846  [plants] dropped superseded index uq_doc_plant_record on document_metadata
2026-08-25T18:25:07  INFO      p0.plants:846  [plants] dropped superseded index uq_equip_plant_asset on equipment
2026-08-25T18:25:08  INFO      p0.plants:846  [plants] dropped superseded index uq_conn_identity on equipment_connectivity
2026-08-25T18:25:08  INFO      p0.plants:846  [plants] dropped superseded index uq_pid_plant_tag on equipment_pid
2026-08-25T18:25:08  INFO      p0.plants:846  [plants] dropped superseded index uq_fc on failure_cause
2026-08-25T18:25:08  INFO      p0.plants:846  [plants] dropped superseded index uq_fe on failure_effect
2026-08-25T18:25:08  INFO      p0.plants:846  [plants] dropped superseded index uq_fm on failure_mode
2026-08-25T18:25:08  INFO      p0.plants:846  [plants] dropped superseded index uq_flow_file on flow_state
2026-08-25T18:25:08  INFO      p0.plants:846  [plants] dropped superseded index uq_flow_file_cat on flow_state
2026-08-25T18:25:08  INFO      p0.plants:846  [plants] dropped superseded index uq_flow_file_named on flow_state
2026-08-25T18:25:08  INFO      p0.plants:846  [plants] dropped superseded index uq_floc_plant_code on functional_location
2026-08-25T18:25:08  INFO      p0.plants:846  [plants] dropped superseded index uq_inspection on inspection_record
2026-08-25T18:25:08  INFO      p0.plants:846  [plants] dropped superseded index uq_aif_finding on inspection_record_aif
2026-08-25T18:25:08  INFO      p0.plants:846  [plants] dropped superseded index uq_integrated_row on integrated_view
2026-08-25T18:25:09  INFO      p0.plants:846  [plants] dropped superseded index uq_plan_plant_id on maintenance_plan
2026-08-25T18:25:09  INFO      p0.plants:846  [plants] dropped superseded index uq_notif_plant_id on notification
2026-08-25T18:25:09  INFO      p0.plants:846  [plants] dropped superseded index uq_op_state on operating_state_log
2026-08-25T18:25:09  INFO      p0.plants:846  [plants] dropped superseded index uq_pu_plant_code on process_unit
2026-08-25T18:25:09  INFO      p0.plants:846  [plants] dropped superseded index uq_proof_test on proof_test
2026-08-25T18:25:09  INFO      p0.plants:846  [plants] dropped superseded index uq_repair_action on repair_action
2026-08-25T18:25:09  INFO      p0.plants:846  [plants] dropped superseded index uq_task_list_identity on task_list
2026-08-25T18:25:09  INFO      p0.plants:846  [plants] dropped superseded index uq_ts_plant_tag on timeseries_metadata
2026-08-25T18:25:10  INFO      p0.plants:846  [plants] dropped superseded index uq_wc_plant_code on work_center
2026-08-25T18:25:10  INFO      p0.plants:846  [plants] dropped superseded index uq_wo_plant_number on work_order
2026-08-25T18:25:11  INFO      p0.plants:939  [plants] CDM schema applied + plant row seeded in decisionops_e2e_51fc708e_testcase
2026-08-25T18:25:12  WARNING   p0.user_config:213  [user_config] init for e2e_51fc708e_testcase skipped: there is no unique or exclusion constraint matching the ON CONFLICT specification

2026-08-25T18:25:12  INFO      p0.plants:377  [plants] added: e2e_51fc708e_testcase -> decisionops_e2e_51fc708e_testcase (by=test@example.com)
2026-08-25T18:25:12  INFO      cdm.connector.pnid:349  [pnid/upload] POST — 1 file(s) received  job_id=e4b4fa60-ffbc-44c7-82b9-985c39976006  plant_code_id=e2e_51fc708e_testcase
2026-08-25T18:25:12  DEBUG     cdm.connector.pnid:405  [pnid/upload] uploaded e2e_pid.pdf → RustFS:bronze/p0/staging-pt/e2e_51fc708e_testcase/pnid/e2e_pid.pdf  (794 B)
2026-08-25T18:25:13  INFO      cdm.connector.pnid:496  [pnid/upload] accepted=1  rejected=0  RustFS=s3://bronze/p0/staging-pt/e2e_51fc708e_testcase/pnid
2026-08-25T18:25:14  INFO      p0.plants:966  [plants] dropped database: decisionops_e2e_51fc708e_testcase
2026-08-25T18:25:14  INFO      p0.plants:399  [plants] deleted: e2e_51fc708e_testcase
2026-08-25T18:25:15  INFO      p0.plants:966  [plants] dropped database: decisionops_e2e_51fc708e_testcase
2026-08-25T18:25:15  INFO      p0.plants:51  [plants] created registry database: plant_registry_testcase
2026-08-25T18:25:16  INFO      p0.plants:966  [plants] dropped database: decisionops_provisioning_testcase
2026-08-25T18:25:16  INFO      p0.plants:925  [plants] created database: decisionops_provisioning_testcase
2026-08-25T19:06:50  INFO      cdm.api.main:33  CDM API starting — log directory: C:\Users\akshay.patil\OneDrive - TRIDIAGONAL.AI PRIVATE LIMITED\Desktop\TAI_Projects\dev\DecisionOps_dev\p0\data\logs
2026-08-25T19:06:50  INFO      cdm.api.main:41  Object-store container ready: bronze
2026-08-25T19:06:50  INFO      p0.plants:305  [plants] adopted pre-registry plant: plant_1_testcase -> decisionops_plant_1_testcase
2026-08-25T19:06:51  INFO      cdm.api.main:57  plants registry ready
2026-08-25T19:08:04  INFO      cdm.api.main:33  CDM API starting — log directory: C:\Users\akshay.patil\OneDrive - TRIDIAGONAL.AI PRIVATE LIMITED\Desktop\TAI_Projects\dev\DecisionOps_dev\p0\data\logs
2026-08-25T19:08:04  INFO      cdm.api.main:41  Object-store container ready: bronze
2026-08-25T19:08:06  INFO      cdm.api.main:57  plants registry ready
2026-08-25T19:13:12  INFO      cdm.api.main:33  CDM API starting — log directory: C:\Users\akshay.patil\OneDrive - TRIDIAGONAL.AI PRIVATE LIMITED\Desktop\TAI_Projects\dev\DecisionOps_dev\p0\data\logs
2026-08-25T19:13:13  INFO      cdm.api.main:41  Object-store container ready: bronze
2026-08-25T19:13:14  INFO      cdm.api.main:57  plants registry ready
2026-08-25T19:32:40  INFO      cdm.api.main:33  CDM API starting — log directory: C:\Users\akshay.patil\OneDrive - TRIDIAGONAL.AI PRIVATE LIMITED\Desktop\TAI_Projects\dev\DecisionOps_dev\p0\data\logs
2026-08-25T19:32:41  INFO      cdm.api.main:41  Object-store container ready: bronze
2026-08-25T19:32:42  INFO      cdm.api.main:57  plants registry ready
2026-08-25T19:39:38  INFO      cdm.api.main:33  CDM API starting — log directory: C:\Users\akshay.patil\OneDrive - TRIDIAGONAL.AI PRIVATE LIMITED\Desktop\TAI_Projects\dev\DecisionOps_dev\p0\data\logs
2026-08-25T19:39:39  INFO      cdm.api.main:41  Object-store container ready: bronze
2026-08-25T19:39:40  INFO      cdm.api.main:57  plants registry ready
2026-08-25T19:47:44  INFO      cdm.api.main:33  CDM API starting — log directory: C:\Users\akshay.patil\OneDrive - TRIDIAGONAL.AI PRIVATE LIMITED\Desktop\TAI_Projects\dev\DecisionOps_dev\p0\data\logs
2026-08-25T19:47:44  INFO      cdm.api.main:41  Object-store container ready: bronze
2026-08-25T19:47:45  INFO      cdm.api.main:57  plants registry ready
2026-08-25T19:52:35  INFO      cdm.api.main:33  CDM API starting — log directory: C:\Users\akshay.patil\OneDrive - TRIDIAGONAL.AI PRIVATE LIMITED\Desktop\TAI_Projects\dev\DecisionOps_dev\p0\data\logs
2026-08-25T19:52:35  INFO      cdm.api.main:41  Object-store container ready: bronze
2026-08-25T19:52:37  INFO      cdm.api.main:57  plants registry ready
2026-08-25T19:55:45  INFO      cdm.api.main:33  CDM API starting — log directory: C:\Users\akshay.patil\OneDrive - TRIDIAGONAL.AI PRIVATE LIMITED\Desktop\TAI_Projects\dev\DecisionOps_dev\p0\data\logs
2026-08-25T19:55:46  INFO      cdm.api.main:41  Object-store container ready: bronze
2026-08-25T19:55:47  INFO      cdm.api.main:57  plants registry ready
2026-08-25T19:57:13  INFO      cdm.api.main:33  CDM API starting — log directory: C:\Users\akshay.patil\OneDrive - TRIDIAGONAL.AI PRIVATE LIMITED\Desktop\TAI_Projects\dev\DecisionOps_dev\p0\data\logs
2026-08-25T19:57:13  INFO      cdm.api.main:41  Object-store container ready: bronze
2026-08-25T19:57:15  INFO      cdm.api.main:57  plants registry ready
2026-08-25T20:00:48  INFO      cdm.api.main:33  CDM API starting — log directory: C:\Users\akshay.patil\OneDrive - TRIDIAGONAL.AI PRIVATE LIMITED\Desktop\TAI_Projects\dev\DecisionOps_dev\p0\data\logs
2026-08-25T20:00:48  INFO      cdm.api.main:41  Object-store container ready: bronze
2026-08-25T20:00:50  INFO      cdm.api.main:57  plants registry ready
2026-08-25T20:06:13  INFO      cdm.api.main:33  CDM API starting — log directory: C:\Users\akshay.patil\OneDrive - TRIDIAGONAL.AI PRIVATE LIMITED\Desktop\TAI_Projects\dev\DecisionOps_dev\p0\data\logs
2026-08-25T20:06:14  INFO      cdm.api.main:41  Object-store container ready: bronze
2026-08-25T20:06:15  INFO      cdm.api.main:57  plants registry ready
2026-08-26T09:43:02  INFO      cdm.api.main:33  CDM API starting — log directory: C:\Users\akshay.patil\OneDrive - TRIDIAGONAL.AI PRIVATE LIMITED\Desktop\TAI_Projects\dev\DecisionOps_dev\p0\data\logs
2026-08-26T09:43:02  INFO      cdm.api.main:41  Object-store container ready: staging-pt
2026-08-26T09:43:08  INFO      cdm.api.main:57  plants registry ready
2026-08-26T09:43:45  WARNING   p0.plants:1008  [plants] schema migration for BOKOR_TEST_2 skipped: 502: Database connection error: Database 'decisionops_bokor_test_2' does not exist.
2026-08-26T09:43:46  WARNING   p0.plants:1008  [plants] schema migration for BOKOR_TEST_3 skipped: 502: Database connection error: Database 'decisionops_bokor_test_3' does not exist.
2026-08-26T09:43:46  WARNING   p0.plants:1008  [plants] schema migration for BOKOR_TEST_4 skipped: 502: Database connection error: Database 'decisionops_bokor_test_4' does not exist.
2026-08-26T09:43:46  WARNING   p0.plants:1008  [plants] schema migration for BOKOR_TEST_5 skipped: 502: Database connection error: Database 'decisionops_bokor_test_5' does not exist.
2026-08-26T09:43:51  WARNING   p0.audit:184  [audit] list_jobs failed: 502: Database connection error: Database 'decisionops_bokor_test_2' does not exist.
2026-08-26T09:43:51  WARNING   p0.audit:184  [audit] list_jobs failed: 502: Database connection error: Database 'decisionops_bokor_test_3' does not exist.
2026-08-26T09:43:51  WARNING   p0.audit:184  [audit] list_jobs failed: 502: Database connection error: Database 'decisionops_bokor_test_4' does not exist.
2026-08-26T09:43:51  WARNING   p0.audit:184  [audit] list_jobs failed: 502: Database connection error: Database 'decisionops_bokor_test_5' does not exist.
2026-08-26T10:13:32  INFO      cdm.api.main:33  CDM API starting — log directory: C:\Users\akshay.patil\OneDrive - TRIDIAGONAL.AI PRIVATE LIMITED\Desktop\TAI_Projects\dev\DecisionOps_dev\p0\data\logs
2026-08-26T10:13:33  INFO      cdm.api.main:41  Object-store container ready: staging-pt
2026-08-26T10:13:40  INFO      cdm.api.main:57  plants registry ready
2026-08-26T10:14:25  WARNING   p0.plants:1008  [plants] schema migration for BOKOR_TEST_2 skipped: 502: Database connection error: Database 'decisionops_bokor_test_2' does not exist.
2026-08-26T10:14:25  WARNING   p0.plants:1008  [plants] schema migration for BOKOR_TEST_3 skipped: 502: Database connection error: Database 'decisionops_bokor_test_3' does not exist.
2026-08-26T10:14:25  WARNING   p0.plants:1008  [plants] schema migration for BOKOR_TEST_4 skipped: 502: Database connection error: Database 'decisionops_bokor_test_4' does not exist.
2026-08-26T10:14:25  WARNING   p0.plants:1008  [plants] schema migration for BOKOR_TEST_5 skipped: 502: Database connection error: Database 'decisionops_bokor_test_5' does not exist.
2026-08-26T10:14:30  WARNING   p0.audit:184  [audit] list_jobs failed: 502: Database connection error: Database 'decisionops_bokor_test_2' does not exist.
2026-08-26T10:14:30  WARNING   p0.audit:184  [audit] list_jobs failed: 502: Database connection error: Database 'decisionops_bokor_test_3' does not exist.
2026-08-26T10:14:31  WARNING   p0.audit:184  [audit] list_jobs failed: 502: Database connection error: Database 'decisionops_bokor_test_4' does not exist.
2026-08-26T10:14:31  WARNING   p0.audit:184  [audit] list_jobs failed: 502: Database connection error: Database 'decisionops_bokor_test_5' does not exist.
2026-08-26T10:14:31  INFO      cdm.api.main:95  marked 1 interrupted pipeline job(s) after restart
2026-08-26T10:25:09  INFO      cdm.api.main:33  CDM API starting — log directory: C:\Users\akshay.patil\OneDrive - TRIDIAGONAL.AI PRIVATE LIMITED\Desktop\TAI_Projects\dev\DecisionOps_dev\p0\data\logs
2026-08-26T10:25:09  INFO      cdm.api.main:41  Object-store container ready: staging-pt
2026-08-26T10:25:30  INFO      cdm.api.main:57  plants registry ready
2026-08-26T10:28:17  INFO      cdm.api.main:33  CDM API starting — log directory: C:\Users\akshay.patil\OneDrive - TRIDIAGONAL.AI PRIVATE LIMITED\Desktop\TAI_Projects\dev\DecisionOps_dev\p0\data\logs
2026-08-26T10:28:17  INFO      cdm.api.main:41  Object-store container ready: bronze
2026-08-26T10:28:19  INFO      cdm.api.main:57  plants registry ready
2026-08-26T10:53:15  INFO      cdm.api.main:33  CDM API starting — log directory: C:\Users\akshay.patil\OneDrive - TRIDIAGONAL.AI PRIVATE LIMITED\Desktop\TAI_Projects\dev\DecisionOps_dev\p0\data\logs
2026-08-26T10:53:15  INFO      cdm.api.main:41  Object-store container ready: bronze
2026-08-26T10:53:18  INFO      cdm.api.main:57  plants registry ready
2026-08-26T15:47:10  INFO      cdm.api.main:33  CDM API starting — log directory: C:\Users\akshay.patil\OneDrive - TRIDIAGONAL.AI PRIVATE LIMITED\Desktop\TAI_Projects\dev\DecisionOps_dev\p0\data\logs
2026-08-26T15:47:11  INFO      cdm.api.main:41  Object-store container ready: staging-pt
2026-08-26T15:47:26  INFO      cdm.api.main:57  plants registry ready
2026-08-26T15:48:48  WARNING   p0.plants:1008  [plants] schema migration for BOKOR_TEST_2 skipped: 502: Database connection error: Database 'decisionops_bokor_test_2' does not exist.
2026-08-26T15:48:49  WARNING   p0.plants:1008  [plants] schema migration for BOKOR_TEST_3 skipped: 502: Database connection error: Database 'decisionops_bokor_test_3' does not exist.
2026-08-26T15:48:49  WARNING   p0.plants:1008  [plants] schema migration for BOKOR_TEST_4 skipped: 502: Database connection error: Database 'decisionops_bokor_test_4' does not exist.
2026-08-26T15:48:49  WARNING   p0.plants:1008  [plants] schema migration for BOKOR_TEST_5 skipped: 502: Database connection error: Database 'decisionops_bokor_test_5' does not exist.
2026-08-26T15:48:59  WARNING   p0.audit:184  [audit] list_jobs failed: 502: Database connection error: Database 'decisionops_bokor_test_2' does not exist.
2026-08-26T15:48:59  WARNING   p0.audit:184  [audit] list_jobs failed: 502: Database connection error: Database 'decisionops_bokor_test_3' does not exist.
2026-08-26T15:48:59  WARNING   p0.audit:184  [audit] list_jobs failed: 502: Database connection error: Database 'decisionops_bokor_test_4' does not exist.
2026-08-26T15:48:59  WARNING   p0.audit:184  [audit] list_jobs failed: 502: Database connection error: Database 'decisionops_bokor_test_5' does not exist.
2026-08-26T16:32:01  INFO      cdm.api.main:33  CDM API starting — log directory: C:\Users\akshay.patil\OneDrive - TRIDIAGONAL.AI PRIVATE LIMITED\Desktop\TAI_Projects\dev\DecisionOps_dev\p0\data\logs
2026-08-26T16:32:02  INFO      cdm.api.main:41  Object-store container ready: bronze
2026-08-26T16:32:04  INFO      cdm.api.main:57  plants registry ready
2026-08-26T16:35:02  INFO      cdm.api.main:33  CDM API starting — log directory: C:\Users\akshay.patil\OneDrive - TRIDIAGONAL.AI PRIVATE LIMITED\Desktop\TAI_Projects\dev\DecisionOps_dev\p0\data\logs
2026-08-26T16:35:03  INFO      cdm.api.main:41  Object-store container ready: bronze
2026-08-26T16:35:06  INFO      cdm.api.main:57  plants registry ready
2026-08-26T17:12:20  INFO      cdm.api.main:33  CDM API starting — log directory: C:\Users\akshay.patil\OneDrive - TRIDIAGONAL.AI PRIVATE LIMITED\Desktop\TAI_Projects\dev\DecisionOps_dev\p0\data\logs
2026-08-26T17:12:21  INFO      cdm.api.main:41  Object-store container ready: bronze
2026-08-26T17:12:23  INFO      cdm.api.main:57  plants registry ready
2026-08-26T17:19:39  INFO      cdm.api.main:33  CDM API starting — log directory: C:\Users\akshay.patil\OneDrive - TRIDIAGONAL.AI PRIVATE LIMITED\Desktop\TAI_Projects\dev\DecisionOps_dev\p0\data\logs
2026-08-26T17:19:40  INFO      cdm.api.main:41  Object-store container ready: bronze
2026-08-26T17:19:43  INFO      cdm.api.main:57  plants registry ready
2026-08-26T18:27:15  INFO      cdm.api.main:33  CDM API starting — log directory: C:\Users\akshay.patil\OneDrive - TRIDIAGONAL.AI PRIVATE LIMITED\Desktop\TAI_Projects\dev\DecisionOps_dev\p0\data\logs
2026-08-26T18:27:15  INFO      cdm.api.main:41  Object-store container ready: staging-pt
2026-08-26T18:27:20  INFO      cdm.api.main:57  plants registry ready
2026-08-26T18:27:51  INFO      cdm.api.main:33  CDM API starting — log directory: C:\Users\akshay.patil\OneDrive - TRIDIAGONAL.AI PRIVATE LIMITED\Desktop\TAI_Projects\dev\DecisionOps_dev\p0\data\logs
2026-08-26T18:27:51  INFO      cdm.api.main:41  Object-store container ready: staging-pt
2026-08-26T18:27:58  INFO      cdm.api.main:57  plants registry ready
2026-08-26T18:29:09  WARNING   p0.plants:1008  [plants] schema migration for BOKOR_TEST_2 skipped: 502: Database connection error: Database 'decisionops_bokor_test_2' does not exist.
2026-08-26T18:29:09  WARNING   p0.plants:1008  [plants] schema migration for BOKOR_TEST_3 skipped: 502: Database connection error: Database 'decisionops_bokor_test_3' does not exist.
2026-08-26T18:29:09  WARNING   p0.plants:1008  [plants] schema migration for BOKOR_TEST_4 skipped: 502: Database connection error: Database 'decisionops_bokor_test_4' does not exist.
2026-08-26T18:29:10  WARNING   p0.plants:1008  [plants] schema migration for BOKOR_TEST_5 skipped: 502: Database connection error: Database 'decisionops_bokor_test_5' does not exist.
2026-08-26T18:29:17  WARNING   p0.audit:184  [audit] list_jobs failed: 502: Database connection error: Database 'decisionops_bokor_test_2' does not exist.
2026-08-26T18:29:17  WARNING   p0.audit:184  [audit] list_jobs failed: 502: Database connection error: Database 'decisionops_bokor_test_3' does not exist.
2026-08-26T18:29:17  WARNING   p0.audit:184  [audit] list_jobs failed: 502: Database connection error: Database 'decisionops_bokor_test_4' does not exist.
2026-08-26T18:29:18  WARNING   p0.audit:184  [audit] list_jobs failed: 502: Database connection error: Database 'decisionops_bokor_test_5' does not exist.
2026-08-27T10:15:17  INFO      cdm.api.main:33  CDM API starting — log directory: C:\Users\akshay.patil\OneDrive - TRIDIAGONAL.AI PRIVATE LIMITED\Desktop\TAI_Projects\dev\DecisionOps_dev\p0\data\logs
2026-08-27T10:15:18  INFO      cdm.api.main:41  Object-store container ready: staging-pt
2026-08-27T10:15:26  INFO      cdm.api.main:57  plants registry ready
2026-08-27T10:16:48  INFO      cdm.api.main:33  CDM API starting — log directory: C:\Users\akshay.patil\OneDrive - TRIDIAGONAL.AI PRIVATE LIMITED\Desktop\TAI_Projects\dev\DecisionOps_dev\p0\data\logs
2026-08-27T10:16:48  INFO      cdm.api.main:41  Object-store container ready: bronze
2026-08-27T10:16:50  INFO      cdm.api.main:57  plants registry ready
2026-08-27T10:19:42  INFO      cdm.api.main:33  CDM API starting — log directory: C:\Users\akshay.patil\OneDrive - TRIDIAGONAL.AI PRIVATE LIMITED\Desktop\TAI_Projects\dev\DecisionOps_dev\p0\data\logs
2026-08-27T10:19:42  INFO      cdm.api.main:41  Object-store container ready: bronze
2026-08-27T10:19:45  INFO      cdm.api.main:57  plants registry ready
2026-08-27T10:39:29  INFO      cdm.api.main:33  CDM API starting — log directory: C:\Users\akshay.patil\OneDrive - TRIDIAGONAL.AI PRIVATE LIMITED\Desktop\TAI_Projects\dev\DecisionOps_dev\p0\data\logs
2026-08-27T10:39:30  INFO      cdm.api.main:41  Object-store container ready: bronze
2026-08-27T10:39:33  INFO      cdm.api.main:57  plants registry ready
2026-08-27T10:58:39  INFO      cdm.api.main:33  CDM API starting — log directory: C:\Users\akshay.patil\OneDrive - TRIDIAGONAL.AI PRIVATE LIMITED\Desktop\TAI_Projects\dev\DecisionOps_dev\p0\data\logs
2026-08-27T10:58:39  INFO      cdm.api.main:41  Object-store container ready: bronze
2026-08-27T10:58:41  INFO      cdm.api.main:57  plants registry ready
2026-08-27T11:00:01  INFO      cdm.api.main:33  CDM API starting — log directory: C:\Users\akshay.patil\OneDrive - TRIDIAGONAL.AI PRIVATE LIMITED\Desktop\TAI_Projects\dev\DecisionOps_dev\p0\data\logs
2026-08-27T11:00:01  INFO      cdm.api.main:41  Object-store container ready: bronze
2026-08-27T11:00:03  INFO      cdm.api.main:57  plants registry ready
2026-08-27T14:31:32  INFO      cdm.api.main:33  CDM API starting — log directory: C:\Users\akshay.patil\OneDrive - TRIDIAGONAL.AI PRIVATE LIMITED\Desktop\TAI_Projects\dev\DecisionOps_dev\p0\data\logs
2026-08-27T14:31:32  INFO      cdm.api.main:41  Object-store container ready: bronze
2026-08-27T14:31:34  INFO      cdm.api.main:57  plants registry ready
2026-08-27T15:17:48  INFO      cdm.api.main:33  CDM API starting — log directory: C:\Users\akshay.patil\OneDrive - TRIDIAGONAL.AI PRIVATE LIMITED\Desktop\TAI_Projects\dev\DecisionOps_dev\p0\data\logs
2026-08-27T15:17:49  INFO      cdm.api.main:41  Object-store container ready: bronze
2026-08-27T15:17:51  INFO      cdm.api.main:57  plants registry ready
2026-08-27T15:36:53  INFO      cdm.api.main:33  CDM API starting — log directory: C:\Users\akshay.patil\OneDrive - TRIDIAGONAL.AI PRIVATE LIMITED\Desktop\TAI_Projects\dev\DecisionOps_dev\p0\data\logs
2026-08-27T15:36:54  INFO      cdm.api.main:41  Object-store container ready: bronze
2026-08-27T15:36:56  INFO      cdm.api.main:57  plants registry ready
2026-08-27T16:23:25  INFO      cdm.api.main:33  CDM API starting — log directory: C:\Users\akshay.patil\OneDrive - TRIDIAGONAL.AI PRIVATE LIMITED\Desktop\TAI_Projects\dev\DecisionOps_dev\p0\data\logs
2026-08-27T16:23:25  INFO      cdm.api.main:41  Object-store container ready: bronze
2026-08-27T16:23:29  INFO      cdm.api.main:57  plants registry ready
2026-08-29T14:41:01  INFO      cdm.api.main:33  CDM API starting — log directory: C:\Users\akshay.patil\OneDrive - TRIDIAGONAL.AI PRIVATE LIMITED\Desktop\TAI_Projects\dev\DecisionOps_dev\p0\data\logs
2026-08-29T14:41:01  WARNING   cdm.api.main:43  Object-store container 'decisionops' could not be auto-created — pipeline writes may fail. Check endpoint reachability / credentials, or create the container manually.
2026-08-29T14:41:05  WARNING   cdm.api.main:59  plants registry init skipped: Database 'postgres' does not exist.
2026-08-29T14:41:14  WARNING   p0.plants:1049  [plants] schema migration sweep skipped: 502: Database connection error: Database 'postgres' does not exist.
2026-08-29T14:41:22  WARNING   cdm.api.main:97  pipeline job reconciliation skipped: 502: Database connection error: Database 'postgres' does not exist.
2026-08-29T14:42:56  INFO      cdm.api.main:33  CDM API starting — log directory: C:\Users\akshay.patil\OneDrive - TRIDIAGONAL.AI PRIVATE LIMITED\Desktop\TAI_Projects\dev\DecisionOps_dev\p0\data\logs
2026-08-29T14:42:56  WARNING   cdm.api.main:43  Object-store container 'decisionops' could not be auto-created — pipeline writes may fail. Check endpoint reachability / credentials, or create the container manually.
2026-08-29T14:43:00  WARNING   cdm.api.main:59  plants registry init skipped: Database 'postgres' does not exist.
2026-08-29T14:43:09  WARNING   p0.plants:1049  [plants] schema migration sweep skipped: 502: Database connection error: Database 'postgres' does not exist.
2026-08-29T14:43:17  WARNING   cdm.api.main:97  pipeline job reconciliation skipped: 502: Database connection error: Database 'postgres' does not exist.
2026-08-29T14:44:07  INFO      cdm.api.main:33  CDM API starting — log directory: C:\Users\akshay.patil\OneDrive - TRIDIAGONAL.AI PRIVATE LIMITED\Desktop\TAI_Projects\dev\DecisionOps_dev\p0\data\logs
2026-08-29T14:44:07  WARNING   cdm.api.main:43  Object-store container 'decisionops' could not be auto-created — pipeline writes may fail. Check endpoint reachability / credentials, or create the container manually.
2026-08-29T14:44:11  WARNING   cdm.api.main:59  plants registry init skipped: Database 'postgres' does not exist.
2026-08-29T14:44:20  WARNING   p0.plants:1049  [plants] schema migration sweep skipped: 502: Database connection error: Database 'postgres' does not exist.
2026-08-29T14:44:28  WARNING   cdm.api.main:97  pipeline job reconciliation skipped: 502: Database connection error: Database 'postgres' does not exist.
2026-08-29T14:46:43  INFO      cdm.api.main:33  CDM API starting — log directory: C:\Users\akshay.patil\OneDrive - TRIDIAGONAL.AI PRIVATE LIMITED\Desktop\TAI_Projects\dev\DecisionOps_dev\p0\data\logs
2026-08-29T14:46:43  WARNING   cdm.api.main:43  Object-store container 'decisionops' could not be auto-created — pipeline writes may fail. Check endpoint reachability / credentials, or create the container manually.
2026-08-29T14:46:48  WARNING   cdm.api.main:59  plants registry init skipped: Database 'postgres' does not exist.
2026-08-29T14:46:56  WARNING   p0.plants:1049  [plants] schema migration sweep skipped: 502: Database connection error: Database 'postgres' does not exist.
2026-08-29T14:47:04  WARNING   cdm.api.main:97  pipeline job reconciliation skipped: 502: Database connection error: Database 'postgres' does not exist.
2026-08-29T14:49:09  INFO      cdm.api.main:33  CDM API starting — log directory: C:\Users\akshay.patil\OneDrive - TRIDIAGONAL.AI PRIVATE LIMITED\Desktop\TAI_Projects\dev\DecisionOps_dev\p0\data\logs
2026-08-29T14:49:09  WARNING   cdm.api.main:43  Object-store container 'decisionops' could not be auto-created — pipeline writes may fail. Check endpoint reachability / credentials, or create the container manually.
2026-08-29T14:49:13  WARNING   cdm.api.main:59  plants registry init skipped: Database 'postgres' does not exist.
2026-08-29T14:49:21  WARNING   p0.plants:1049  [plants] schema migration sweep skipped: 502: Database connection error: Database 'postgres' does not exist.
2026-08-29T14:49:30  WARNING   cdm.api.main:97  pipeline job reconciliation skipped: 502: Database connection error: Database 'postgres' does not exist.
2026-08-29T15:28:18  INFO      cdm.api.main:33  CDM API starting — log directory: C:\Users\akshay.patil\OneDrive - TRIDIAGONAL.AI PRIVATE LIMITED\Desktop\TAI_Projects\dev\DecisionOps_dev\p0\data\logs
2026-08-29T15:28:18  WARNING   cdm.api.main:43  Object-store container 'decisionops' could not be auto-created — pipeline writes may fail. Check endpoint reachability / credentials, or create the container manually.
2026-08-29T15:28:22  WARNING   cdm.api.main:59  plants registry init skipped: Database 'postgres' does not exist.
2026-08-29T15:28:30  WARNING   p0.plants:1049  [plants] schema migration sweep skipped: 502: Database connection error: Database 'postgres' does not exist.
2026-08-29T15:28:38  WARNING   cdm.api.main:97  pipeline job reconciliation skipped: 502: Database connection error: Database 'postgres' does not exist.
2026-08-29T15:29:28  INFO      cdm.api.main:33  CDM API starting — log directory: C:\Users\akshay.patil\OneDrive - TRIDIAGONAL.AI PRIVATE LIMITED\Desktop\TAI_Projects\dev\DecisionOps_dev\p0\data\logs
2026-08-29T15:29:28  WARNING   cdm.api.main:43  Object-store container 'decisionops' could not be auto-created — pipeline writes may fail. Check endpoint reachability / credentials, or create the container manually.
2026-08-29T15:29:32  WARNING   cdm.api.main:59  plants registry init skipped: Database 'postgres' does not exist.
2026-08-29T15:29:41  WARNING   p0.plants:1049  [plants] schema migration sweep skipped: 502: Database connection error: Database 'postgres' does not exist.
2026-08-29T15:29:49  WARNING   cdm.api.main:97  pipeline job reconciliation skipped: 502: Database connection error: Database 'postgres' does not exist.
2026-08-29T15:34:09  INFO      cdm.api.main:33  CDM API starting — log directory: C:\Users\akshay.patil\OneDrive - TRIDIAGONAL.AI PRIVATE LIMITED\Desktop\TAI_Projects\dev\DecisionOps_dev\p0\data\logs
2026-08-29T15:34:09  WARNING   cdm.api.main:43  Object-store container 'decisionops' could not be auto-created — pipeline writes may fail. Check endpoint reachability / credentials, or create the container manually.
2026-08-29T15:34:14  WARNING   cdm.api.main:59  plants registry init skipped: Database 'postgres' does not exist.
2026-08-29T15:34:22  WARNING   p0.plants:1049  [plants] schema migration sweep skipped: 502: Database connection error: Database 'postgres' does not exist.
2026-08-29T15:34:30  WARNING   cdm.api.main:97  pipeline job reconciliation skipped: 502: Database connection error: Database 'postgres' does not exist.
2026-08-31T14:17:12  INFO      cdm.api.main:33  CDM API starting — log directory: C:\Users\akshay.patil\OneDrive - TRIDIAGONAL.AI PRIVATE LIMITED\Desktop\TAI_Projects\dev\DecisionOps_dev\p0\data\logs
2026-08-31T14:17:12  INFO      cdm.api.main:41  Object-store container ready: staging-pt
2026-08-31T14:17:23  INFO      cdm.api.main:57  plants registry ready
2026-08-31T14:18:18  WARNING   p0.plants:1029  [plants] schema migration for BOKOR_TEST_2 skipped: 502: Database connection error: Database 'decisionops_bokor_test_2' does not exist.
2026-08-31T14:18:18  WARNING   p0.plants:1029  [plants] schema migration for BOKOR_TEST_3 skipped: 502: Database connection error: Database 'decisionops_bokor_test_3' does not exist.
2026-08-31T14:18:18  WARNING   p0.plants:1029  [plants] schema migration for BOKOR_TEST_4 skipped: 502: Database connection error: Database 'decisionops_bokor_test_4' does not exist.
2026-08-31T14:18:19  WARNING   p0.plants:1029  [plants] schema migration for BOKOR_TEST_5 skipped: 502: Database connection error: Database 'decisionops_bokor_test_5' does not exist.
2026-08-31T14:18:30  WARNING   p0.audit:184  [audit] list_jobs failed: 502: Database connection error: Database 'decisionops_bokor_test_2' does not exist.
2026-08-31T14:18:30  WARNING   p0.audit:184  [audit] list_jobs failed: 502: Database connection error: Database 'decisionops_bokor_test_3' does not exist.
2026-08-31T14:18:30  WARNING   p0.audit:184  [audit] list_jobs failed: 502: Database connection error: Database 'decisionops_bokor_test_4' does not exist.
2026-08-31T14:18:30  WARNING   p0.audit:184  [audit] list_jobs failed: 502: Database connection error: Database 'decisionops_bokor_test_5' does not exist.
2026-08-31T14:29:30  INFO      cdm.api.main:33  CDM API starting — log directory: C:\Users\akshay.patil\OneDrive - TRIDIAGONAL.AI PRIVATE LIMITED\Desktop\TAI_Projects\dev\DecisionOps_dev\p0\data\logs
2026-08-31T14:29:31  INFO      cdm.api.main:41  Object-store container ready: staging-pt
2026-08-31T14:29:41  INFO      cdm.api.main:57  plants registry ready
2026-08-31T14:31:10  WARNING   p0.plants:1029  [plants] schema migration for BOKOR_TEST_2 skipped: 502: Database connection error: Database 'decisionops_bokor_test_2' does not exist.
2026-08-31T14:31:11  WARNING   p0.plants:1029  [plants] schema migration for BOKOR_TEST_3 skipped: 502: Database connection error: Database 'decisionops_bokor_test_3' does not exist.
2026-08-31T14:31:11  WARNING   p0.plants:1029  [plants] schema migration for BOKOR_TEST_4 skipped: 502: Database connection error: Database 'decisionops_bokor_test_4' does not exist.
2026-08-31T14:31:12  WARNING   p0.plants:1029  [plants] schema migration for BOKOR_TEST_5 skipped: 502: Database connection error: Database 'decisionops_bokor_test_5' does not exist.
2026-08-31T14:31:30  WARNING   p0.audit:184  [audit] list_jobs failed: 502: Database connection error: Database 'decisionops_bokor_test_2' does not exist.
2026-08-31T14:31:30  WARNING   p0.audit:184  [audit] list_jobs failed: 502: Database connection error: Database 'decisionops_bokor_test_3' does not exist.
2026-08-31T14:31:31  WARNING   p0.audit:184  [audit] list_jobs failed: 502: Database connection error: Database 'decisionops_bokor_test_4' does not exist.
2026-08-31T14:31:31  WARNING   p0.audit:184  [audit] list_jobs failed: 502: Database connection error: Database 'decisionops_bokor_test_5' does not exist.
2026-08-31T15:02:03  INFO      cdm.api.main:33  CDM API starting — log directory: C:\Users\akshay.patil\OneDrive - TRIDIAGONAL.AI PRIVATE LIMITED\Desktop\TAI_Projects\dev\DecisionOps_dev\p0\data\logs
2026-08-31T15:02:04  INFO      cdm.api.main:41  Object-store container ready: staging-pt
2026-08-31T15:02:20  INFO      cdm.api.main:57  plants registry ready
2026-08-31T15:03:47  WARNING   p0.plants:1029  [plants] schema migration for BOKOR_TEST_2 skipped: 502: Database connection error: Database 'decisionops_bokor_test_2' does not exist.
2026-08-31T15:03:48  WARNING   p0.plants:1029  [plants] schema migration for BOKOR_TEST_3 skipped: 502: Database connection error: Database 'decisionops_bokor_test_3' does not exist.
2026-08-31T15:03:48  WARNING   p0.plants:1029  [plants] schema migration for BOKOR_TEST_4 skipped: 502: Database connection error: Database 'decisionops_bokor_test_4' does not exist.
2026-08-31T15:03:48  WARNING   p0.plants:1029  [plants] schema migration for BOKOR_TEST_5 skipped: 502: Database connection error: Database 'decisionops_bokor_test_5' does not exist.
2026-08-31T15:04:03  WARNING   p0.audit:184  [audit] list_jobs failed: 502: Database connection error: Database 'decisionops_bokor_test_2' does not exist.
2026-08-31T15:04:03  WARNING   p0.audit:184  [audit] list_jobs failed: 502: Database connection error: Database 'decisionops_bokor_test_3' does not exist.
2026-08-31T15:04:03  WARNING   p0.audit:184  [audit] list_jobs failed: 502: Database connection error: Database 'decisionops_bokor_test_4' does not exist.
2026-08-31T15:04:03  WARNING   p0.audit:184  [audit] list_jobs failed: 502: Database connection error: Database 'decisionops_bokor_test_5' does not exist.
2026-08-31T15:04:04  INFO      cdm.api.main:95  marked 1 interrupted pipeline job(s) after restart
2026-08-31T15:48:00  INFO      cdm.api.main:33  CDM API starting — log directory: C:\Users\akshay.patil\OneDrive - TRIDIAGONAL.AI PRIVATE LIMITED\Desktop\TAI_Projects\dev\DecisionOps_dev\p0\data\logs
2026-08-31T15:48:00  INFO      cdm.api.main:41  Object-store container ready: staging-pt
2026-08-31T15:48:10  INFO      cdm.api.main:57  plants registry ready
2026-08-31T15:49:13  WARNING   p0.plants:1029  [plants] schema migration for BOKOR_TEST_2 skipped: 502: Database connection error: Database 'decisionops_bokor_test_2' does not exist.
2026-08-31T15:49:13  WARNING   p0.plants:1029  [plants] schema migration for BOKOR_TEST_3 skipped: 502: Database connection error: Database 'decisionops_bokor_test_3' does not exist.
2026-08-31T15:49:13  WARNING   p0.plants:1029  [plants] schema migration for BOKOR_TEST_4 skipped: 502: Database connection error: Database 'decisionops_bokor_test_4' does not exist.
2026-08-31T15:49:13  WARNING   p0.plants:1029  [plants] schema migration for BOKOR_TEST_5 skipped: 502: Database connection error: Database 'decisionops_bokor_test_5' does not exist.
2026-08-31T15:49:25  WARNING   p0.audit:184  [audit] list_jobs failed: 502: Database connection error: Database 'decisionops_bokor_test_2' does not exist.
2026-08-31T15:49:25  WARNING   p0.audit:184  [audit] list_jobs failed: 502: Database connection error: Database 'decisionops_bokor_test_3' does not exist.
2026-08-31T15:49:25  WARNING   p0.audit:184  [audit] list_jobs failed: 502: Database connection error: Database 'decisionops_bokor_test_4' does not exist.
2026-08-31T15:49:25  WARNING   p0.audit:184  [audit] list_jobs failed: 502: Database connection error: Database 'decisionops_bokor_test_5' does not exist.
2026-08-31T15:50:15  INFO      cdm.api.main:33  CDM API starting — log directory: C:\Users\akshay.patil\OneDrive - TRIDIAGONAL.AI PRIVATE LIMITED\Desktop\TAI_Projects\dev\DecisionOps_dev\p0\data\logs
2026-08-31T15:50:16  INFO      cdm.api.main:41  Object-store container ready: staging-pt
2026-08-31T15:50:23  INFO      cdm.api.main:57  plants registry ready
2026-08-31T15:51:32  WARNING   p0.plants:1029  [plants] schema migration for BOKOR_TEST_2 skipped: 502: Database connection error: Database 'decisionops_bokor_test_2' does not exist.
2026-08-31T15:51:33  WARNING   p0.plants:1029  [plants] schema migration for BOKOR_TEST_3 skipped: 502: Database connection error: Database 'decisionops_bokor_test_3' does not exist.
2026-08-31T15:51:33  WARNING   p0.plants:1029  [plants] schema migration for BOKOR_TEST_4 skipped: 502: Database connection error: Database 'decisionops_bokor_test_4' does not exist.
2026-08-31T15:51:33  WARNING   p0.plants:1029  [plants] schema migration for BOKOR_TEST_5 skipped: 502: Database connection error: Database 'decisionops_bokor_test_5' does not exist.
2026-08-31T15:51:48  WARNING   p0.audit:184  [audit] list_jobs failed: 502: Database connection error: Database 'decisionops_bokor_test_2' does not exist.
2026-08-31T15:51:48  WARNING   p0.audit:184  [audit] list_jobs failed: 502: Database connection error: Database 'decisionops_bokor_test_3' does not exist.
2026-08-31T15:51:48  WARNING   p0.audit:184  [audit] list_jobs failed: 502: Database connection error: Database 'decisionops_bokor_test_4' does not exist.
2026-08-31T15:51:48  WARNING   p0.audit:184  [audit] list_jobs failed: 502: Database connection error: Database 'decisionops_bokor_test_5' does not exist.
2026-08-31T15:55:48  INFO      cdm.api.main:33  CDM API starting — log directory: C:\Users\akshay.patil\OneDrive - TRIDIAGONAL.AI PRIVATE LIMITED\Desktop\TAI_Projects\dev\DecisionOps_dev\p0\data\logs
2026-08-31T15:55:48  INFO      cdm.api.main:41  Object-store container ready: staging-pt
2026-08-31T15:56:03  INFO      cdm.api.main:57  plants registry ready
2026-08-31T15:57:15  WARNING   p0.plants:1029  [plants] schema migration for BOKOR_TEST_2 skipped: 502: Database connection error: Database 'decisionops_bokor_test_2' does not exist.
2026-08-31T15:57:15  WARNING   p0.plants:1029  [plants] schema migration for BOKOR_TEST_3 skipped: 502: Database connection error: Database 'decisionops_bokor_test_3' does not exist.
2026-08-31T15:57:15  WARNING   p0.plants:1029  [plants] schema migration for BOKOR_TEST_4 skipped: 502: Database connection error: Database 'decisionops_bokor_test_4' does not exist.
2026-08-31T15:57:16  WARNING   p0.plants:1029  [plants] schema migration for BOKOR_TEST_5 skipped: 502: Database connection error: Database 'decisionops_bokor_test_5' does not exist.
2026-08-31T15:57:27  WARNING   p0.audit:184  [audit] list_jobs failed: 502: Database connection error: Database 'decisionops_bokor_test_2' does not exist.
2026-08-31T15:57:27  WARNING   p0.audit:184  [audit] list_jobs failed: 502: Database connection error: Database 'decisionops_bokor_test_3' does not exist.
2026-08-31T15:57:27  WARNING   p0.audit:184  [audit] list_jobs failed: 502: Database connection error: Database 'decisionops_bokor_test_4' does not exist.
2026-08-31T15:57:27  WARNING   p0.audit:184  [audit] list_jobs failed: 502: Database connection error: Database 'decisionops_bokor_test_5' does not exist.
2026-08-31T15:57:28  INFO      cdm.api.main:95  marked 1 interrupted pipeline job(s) after restart
2026-08-31T16:10:45  INFO      cdm.api.main:33  CDM API starting — log directory: C:\Users\akshay.patil\OneDrive - TRIDIAGONAL.AI PRIVATE LIMITED\Desktop\TAI_Projects\dev\DecisionOps_dev\p0\data\logs
2026-08-31T16:10:45  INFO      cdm.api.main:41  Object-store container ready: staging-pt
2026-08-31T16:11:04  INFO      cdm.api.main:57  plants registry ready
2026-08-31T16:12:04  INFO      cdm.api.main:33  CDM API starting — log directory: C:\Users\akshay.patil\OneDrive - TRIDIAGONAL.AI PRIVATE LIMITED\Desktop\TAI_Projects\dev\DecisionOps_dev\p0\data\logs
2026-08-31T16:12:05  INFO      cdm.api.main:41  Object-store container ready: staging-pt
2026-08-31T16:12:13  INFO      cdm.api.main:57  plants registry ready
2026-08-31T16:12:29  WARNING   p0.plants:1029  [plants] schema migration for BOKOR_TEST_2 skipped: 502: Database connection error: Database 'decisionops_bokor_test_2' does not exist.
2026-08-31T16:12:29  WARNING   p0.plants:1029  [plants] schema migration for BOKOR_TEST_3 skipped: 502: Database connection error: Database 'decisionops_bokor_test_3' does not exist.
2026-08-31T16:12:30  WARNING   p0.plants:1029  [plants] schema migration for BOKOR_TEST_4 skipped: 502: Database connection error: Database 'decisionops_bokor_test_4' does not exist.
2026-08-31T16:12:30  WARNING   p0.plants:1029  [plants] schema migration for BOKOR_TEST_5 skipped: 502: Database connection error: Database 'decisionops_bokor_test_5' does not exist.
2026-08-31T16:12:44  WARNING   p0.audit:184  [audit] list_jobs failed: 502: Database connection error: Database 'decisionops_bokor_test_2' does not exist.
2026-08-31T16:12:44  WARNING   p0.audit:184  [audit] list_jobs failed: 502: Database connection error: Database 'decisionops_bokor_test_3' does not exist.
2026-08-31T16:12:44  WARNING   p0.audit:184  [audit] list_jobs failed: 502: Database connection error: Database 'decisionops_bokor_test_4' does not exist.
2026-08-31T16:12:44  WARNING   p0.audit:184  [audit] list_jobs failed: 502: Database connection error: Database 'decisionops_bokor_test_5' does not exist.
2026-08-31T16:13:20  WARNING   p0.plants:1029  [plants] schema migration for BOKOR_TEST_2 skipped: 502: Database connection error: Database 'decisionops_bokor_test_2' does not exist.
2026-08-31T16:13:20  WARNING   p0.plants:1029  [plants] schema migration for BOKOR_TEST_3 skipped: 502: Database connection error: Database 'decisionops_bokor_test_3' does not exist.
2026-08-31T16:13:20  WARNING   p0.plants:1029  [plants] schema migration for BOKOR_TEST_4 skipped: 502: Database connection error: Database 'decisionops_bokor_test_4' does not exist.
2026-08-31T16:13:20  WARNING   p0.plants:1029  [plants] schema migration for BOKOR_TEST_5 skipped: 502: Database connection error: Database 'decisionops_bokor_test_5' does not exist.
2026-08-31T16:13:29  WARNING   p0.audit:184  [audit] list_jobs failed: 502: Database connection error: Database 'decisionops_bokor_test_2' does not exist.
2026-08-31T16:13:29  WARNING   p0.audit:184  [audit] list_jobs failed: 502: Database connection error: Database 'decisionops_bokor_test_3' does not exist.
2026-08-31T16:13:29  WARNING   p0.audit:184  [audit] list_jobs failed: 502: Database connection error: Database 'decisionops_bokor_test_4' does not exist.
2026-08-31T16:13:29  WARNING   p0.audit:184  [audit] list_jobs failed: 502: Database connection error: Database 'decisionops_bokor_test_5' does not exist.
2026-08-31T16:21:19  INFO      cdm.api.main:33  CDM API starting — log directory: C:\Users\akshay.patil\OneDrive - TRIDIAGONAL.AI PRIVATE LIMITED\Desktop\TAI_Projects\dev\DecisionOps_dev\p0\data\logs
2026-08-31T16:21:19  INFO      cdm.api.main:41  Object-store container ready: staging-pt
2026-08-31T16:21:29  INFO      cdm.api.main:57  plants registry ready
2026-08-31T16:22:32  WARNING   p0.plants:1029  [plants] schema migration for BOKOR_TEST_2 skipped: 502: Database connection error: Database 'decisionops_bokor_test_2' does not exist.
2026-08-31T16:22:33  WARNING   p0.plants:1029  [plants] schema migration for BOKOR_TEST_3 skipped: 502: Database connection error: Database 'decisionops_bokor_test_3' does not exist.
2026-08-31T16:22:33  WARNING   p0.plants:1029  [plants] schema migration for BOKOR_TEST_4 skipped: 502: Database connection error: Database 'decisionops_bokor_test_4' does not exist.
2026-08-31T16:22:33  WARNING   p0.plants:1029  [plants] schema migration for BOKOR_TEST_5 skipped: 502: Database connection error: Database 'decisionops_bokor_test_5' does not exist.
2026-08-31T16:22:43  WARNING   p0.audit:184  [audit] list_jobs failed: 502: Database connection error: Database 'decisionops_bokor_test_2' does not exist.
2026-08-31T16:22:44  WARNING   p0.audit:184  [audit] list_jobs failed: 502: Database connection error: Database 'decisionops_bokor_test_3' does not exist.
2026-08-31T16:22:44  WARNING   p0.audit:184  [audit] list_jobs failed: 502: Database connection error: Database 'decisionops_bokor_test_4' does not exist.
2026-08-31T16:22:44  WARNING   p0.audit:184  [audit] list_jobs failed: 502: Database connection error: Database 'decisionops_bokor_test_5' does not exist.
